-- phpMyAdmin SQL Dump
-- version 5.1.1
-- https://www.phpmyadmin.net/
--
-- Máy chủ: 127.0.0.1
-- Thời gian đã tạo: Th5 15, 2024 lúc 04:43 PM
-- Phiên bản máy phục vụ: 10.4.21-MariaDB
-- Phiên bản PHP: 7.3.31

SET SQL_MODE = "NO_AUTO_VALUE_ON_ZERO";
START TRANSACTION;
SET time_zone = "+00:00";


/*!40101 SET @OLD_CHARACTER_SET_CLIENT=@@CHARACTER_SET_CLIENT */;
/*!40101 SET @OLD_CHARACTER_SET_RESULTS=@@CHARACTER_SET_RESULTS */;
/*!40101 SET @OLD_COLLATION_CONNECTION=@@COLLATION_CONNECTION */;
/*!40101 SET NAMES utf8mb4 */;

--
-- Cơ sở dữ liệu: `job-recommendation`
--

-- --------------------------------------------------------

--
-- Cấu trúc bảng cho bảng `another_degree`
--

CREATE TABLE `another_degree` (
  `id` int(11) NOT NULL,
  `degreeName` varchar(255) DEFAULT NULL,
  `level` varchar(255) DEFAULT NULL,
  `onlineProfileUserId` int(11) DEFAULT NULL
) ENGINE=InnoDB DEFAULT CHARSET=utf8mb4;

--
-- Đang đổ dữ liệu cho bảng `another_degree`
--

INSERT INTO `another_degree` (`id`, `degreeName`, `level`, `onlineProfileUserId`) VALUES
(126, 'Toeic', '800', 4),
(127, 'Toeic', '900', 10),
(129, 'Toeic', '800', 5);

-- --------------------------------------------------------

--
-- Cấu trúc bảng cho bảng `application`
--

CREATE TABLE `application` (
  `application_id` int(11) NOT NULL,
  `applicationType` enum('Nộp trực tuyến','CV đính kèm','Nộp nhanh') NOT NULL DEFAULT 'Nộp trực tuyến',
  `createAt` timestamp(6) NOT NULL DEFAULT current_timestamp(6),
  `CV` varchar(255) DEFAULT NULL,
  `name` varchar(255) DEFAULT NULL,
  `email` varchar(255) DEFAULT NULL,
  `phone` varchar(255) DEFAULT NULL,
  `keywords` varchar(255) DEFAULT NULL,
  `matchingScore` int(11) DEFAULT NULL,
  `status` enum('Đã duyệt','Chờ duyệt','Từ chối','Hết hạn') NOT NULL DEFAULT 'Chờ duyệt',
  `employeeUserId` int(11) DEFAULT NULL,
  `jobPostingPostId` int(11) DEFAULT NULL
) ENGINE=InnoDB DEFAULT CHARSET=utf8mb4;

--
-- Đang đổ dữ liệu cho bảng `application`
--

INSERT INTO `application` (`application_id`, `applicationType`, `createAt`, `CV`, `name`, `email`, `phone`, `keywords`, `matchingScore`, `status`, `employeeUserId`, `jobPostingPostId`) VALUES
(25, 'Nộp trực tuyến', '2024-03-22 10:42:06.307014', '#983c92be-eaaf-44f0-8720-600a46454717', 'Lanting', 'xinviec1@gmail.com', '0901234567', NULL, -10, 'Chờ duyệt', 4, 104),
(28, 'Nộp trực tuyến', '2024-03-23 07:09:34.315894', '#36fb7154-6185-430f-a4ab-be9fe43791eb', 'hergst', 'Sincere@april.biz', '0812345677', NULL, 95, 'Đã duyệt', 10, 104),
(29, 'Nộp trực tuyến', '2024-03-24 01:29:27.377101', '#73dbed68-3e31-48be-a794-b1313634539f', 'Lanting', 'xinviec1@gmail.com', '0901234567', NULL, -10, 'Chờ duyệt', 4, 104),
(31, 'Nộp trực tuyến', '2024-03-24 06:12:15.929724', '#ec1dbac5-c9ba-49fb-bb6e-ffe136fa1098', 'Lanting', 'xinviec1@gmail.com', '0901234567', NULL, -10, 'Chờ duyệt', 4, 102),
(32, 'Nộp nhanh', '2024-03-24 11:31:03.621504', 'https://firebasestorage.googleapis.com/v0/b/job-recommend-web.appspot.com/o/userDocument%2FCV%20Job.pdf-25032024?alt=media&token=fd155a77-2c80-49c6-92f6-1a6b21deb0aa', 'Lanting', 'xinviec1@gmail.com', '0901234567', NULL, -10, 'Chờ duyệt', 4, 103),
(33, 'Nộp trực tuyến', '2024-03-28 21:23:36.380452', '#265a60b2-bcd4-4ed7-b3ce-4aa4c8895a8b', 'Catherine Pike', 'xinviec2@gmail.com', '0812345678', NULL, 111, 'Đã duyệt', 5, 123),
(35, 'Nộp nhanh', '2024-03-28 21:23:54.336585', 'https://firebasestorage.googleapis.com/v0/b/job-recommend-web.appspot.com/o/userDocument%2FCV%20Job.pdf-29032024?alt=media&token=670b2519-d248-4dd5-9f69-9f832343853a', 'Catherine Pike', 'xinviec2@gmail.com', '0812345678', NULL, -10, 'Chờ duyệt', 5, 123),
(36, 'Nộp nhanh', '2024-03-29 06:33:33.826897', 'https://firebasestorage.googleapis.com/v0/b/job-recommend-web.appspot.com/o/userDocument%2FCV%20Job.pdf-29032024?alt=media&token=26001c34-33fb-4201-a92e-d18f919d1d8f', 'Lanting', 'xinviec1@gmail.com', '0901234567', NULL, -10, 'Chờ duyệt', 4, 102),
(37, 'Nộp trực tuyến', '2024-03-30 22:50:05.450550', '#85a498b4-893c-4df3-a09d-533f4705f4a9', 'Lanting', 'xinviec1@gmail.com', '0901234567', NULL, -10, 'Chờ duyệt', 4, 102),
(39, 'Nộp nhanh', '2024-04-04 08:01:20.522532', 'https://firebasestorage.googleapis.com/v0/b/job-recommend-web.appspot.com/o/userDocument%2FCV%20Job.pdf-04042024?alt=media&token=7843baf0-fec2-4264-9abd-348d4fee3447', 'Catherine Pike', 'xinviec2@gmail.com', '0812345678', NULL, -10, 'Hết hạn', 5, 123),
(44, 'Nộp nhanh', '2024-04-15 22:22:40.919518', 'https://firebasestorage.googleapis.com/v0/b/job-recommend-web.appspot.com/o/userDocument%2FCV%20Job.pdf-16042024?alt=media&token=ccf6ba73-2f09-4522-9e77-3a313c2b064d', 'Rick Ma', 'viluong6457@gmail.com', '0901213082', NULL, -10, 'Hết hạn', 1, 123),
(46, 'Nộp trực tuyến', '2024-04-20 08:42:39.664558', '#79917285-472e-4df3-8a7f-3b1ddac59f4e', 'Lanting', 'xinviec1@gmail.com', '0901234567', NULL, NULL, 'Chờ duyệt', 4, 125),
(47, 'CV đính kèm', '2024-04-28 03:29:22.346969', '#88d18517-c849-4f12-883a-5d5c6943ce1e', 'Lanting', 'xinviec1@gmail.com', '0901234567', NULL, 150, 'Đã duyệt', 4, 123),
(48, 'CV đính kèm', '2024-04-30 05:49:49.675120', '#e15b2970-2231-49c7-9dd6-522ac8874b9a', 'Lanting', 'xinviec1@gmail.com', '0901234567', NULL, NULL, 'Chờ duyệt', 4, 123),
(49, 'CV đính kèm', '2024-05-11 08:10:25.533567', '#eaec39b9-243a-481c-a17e-247033c49214', 'Lanting', 'xinviec1@gmail.com', '0901234567', NULL, NULL, 'Chờ duyệt', 4, 104);

-- --------------------------------------------------------

--
-- Cấu trúc bảng cho bảng `attached_document`
--

CREATE TABLE `attached_document` (
  `userId` int(11) NOT NULL,
  `jobTitle` varchar(255) DEFAULT NULL,
  `profession` varchar(255) DEFAULT NULL,
  `currentPosition` enum('Quản lí cấp cao','Quản lí cấp trung','Quản lí nhóm-giám sát','Chuyên gia','Chuyên viên - nhân viên','Cộng tác viên') NOT NULL DEFAULT 'Chuyên viên - nhân viên',
  `desiredPosition` enum('Quản lí cấp cao','Quản lí cấp trung','Quản lí nhóm-giám sát','Chuyên gia','Chuyên viên - nhân viên','Cộng tác viên') NOT NULL DEFAULT 'Chuyên viên - nhân viên',
  `desiredSalary` int(11) DEFAULT NULL,
  `degree` enum('Trung học','Trung cấp','Cao đẳng','Cử nhân','Thạc sĩ','Tiến sĩ','Khác') NOT NULL DEFAULT 'Khác',
  `workAddress` varchar(255) DEFAULT NULL,
  `experience` enum('Chưa có kinh nghiệm','Dưới 1 năm','1 năm','2 năm','3 năm','4 năm','5 năm','Trên 5 năm') NOT NULL DEFAULT 'Trên 5 năm',
  `employmentType` enum('Toàn thời gian cố định','Toàn thời gian tạm thời','Bán thời gian cố định','Bán thời gian tạm thời','Theo hợp đồng tư vấn','Thực tập','Khác') NOT NULL DEFAULT 'Khác',
  `careerGoal` varchar(255) DEFAULT NULL,
  `skills` varchar(255) DEFAULT NULL,
  `CV` varchar(255) DEFAULT NULL,
  `view` int(11) NOT NULL DEFAULT 0,
  `isHidden` tinyint(4) NOT NULL DEFAULT 0,
  `createAt` timestamp(6) NOT NULL DEFAULT current_timestamp(6),
  `updateAt` timestamp(6) NOT NULL DEFAULT current_timestamp(6) ON UPDATE current_timestamp(6),
  `keywords` longtext DEFAULT NULL
) ENGINE=InnoDB DEFAULT CHARSET=utf8mb4;

--
-- Đang đổ dữ liệu cho bảng `attached_document`
--

INSERT INTO `attached_document` (`userId`, `jobTitle`, `profession`, `currentPosition`, `desiredPosition`, `desiredSalary`, `degree`, `workAddress`, `experience`, `employmentType`, `careerGoal`, `skills`, `CV`, `view`, `isHidden`, `createAt`, `updateAt`, `keywords`) VALUES
(4, 'Web Frontend FullStack', 'Khoa học - Kĩ thuật, IT Phần cứng - Mạng, IT Phần mềm', 'Quản lí cấp trung', 'Quản lí cấp cao', 20, 'Thạc sĩ', 'Thành phố Hà Nội, Thành phố Hồ Chí Minh', '5 năm', 'Toàn thời gian cố định', 'Thời gian dài, ổn định, có cơ hội thăng tiến', 'ReactJS, Lập trình C++, Python, Vue.js, Lập trình C#, OOP, React Native, PyTorch', 'https://firebasestorage.googleapis.com/v0/b/job-recommend-web.appspot.com/o/userDocument%2FCV%20Job.pdfa59eabeb-19ba-470d-8d8d-0b5460b540fd?alt=media&token=b7c9fc34-5858-4a8c-9481-6416169ac28f', 3, 0, '2024-05-15 02:17:43.336362', '2024-05-15 02:17:43.343535', 'ReactJS, Lập trình C++, Python, Vue.js, Lập trình C#, OOP, React Native, PyTorch, Web Frontend,  FullStack,  Web Developer,  front end development,  programming languages including HTML5,  PHP OOP,  JavaScript,  CSS,  MySQL,  project management,  customer relations, Cooperate with designers to create clean interfaces and simple,  intuitive interactions and experiences, Carry out quality assurance tests to discover errors and optimize usability, Computer Information Systems'),
(10, 'Web Frontend FullStack', 'IT Phần cứng - Mạng, IT Phần mềm, Khoa học - Kĩ thuật', 'Quản lí cấp cao', 'Quản lí cấp cao', 20, 'Tiến sĩ', 'Thành phố Hà Nội, Tỉnh Hà Giang, Tỉnh Cao Bằng', 'Trên 5 năm', 'Toàn thời gian cố định', 'Thời gian dài, ổn định, có cơ hội thăng tiến', 'ReactJS, React Native, Node.js, MySQL, C, Lập trình Python, Lập trình C#, OOP', 'https://firebasestorage.googleapis.com/v0/b/job-recommend-web.appspot.com/o/userDocument%2FCV%20Job.pdf7afbd5b7-6752-43cc-8bb9-9bd5dad1096a?alt=media&token=a30e1cdb-cfec-4a23-bca7-575504f2f448', 3, 0, '2024-05-15 02:17:43.336362', '2024-05-15 02:17:43.343535', 'reactjs, react native, node.js, mysql, c, lập trình python, lập trình c#, oop, web frontend fullstack,  it phần cứng - mạng,  it phần mềm,  khoa học - kĩ thuật,  senior web developer,  front end development,  development cycle,  dynamic web projects,  programming languages,  html5,  php oop,  javascript,  css,  mysql,  project management, customer relations, luna web design, new york, designers, clean interfaces');

-- --------------------------------------------------------

--
-- Cấu trúc bảng cho bảng `education_information`
--

CREATE TABLE `education_information` (
  `id` int(11) NOT NULL,
  `schoolName` varchar(255) DEFAULT NULL,
  `specialization` varchar(255) DEFAULT NULL,
  `degreeName` varchar(255) DEFAULT NULL,
  `startDate` date DEFAULT NULL,
  `endDate` date DEFAULT NULL,
  `onlineProfileUserId` int(11) DEFAULT NULL
) ENGINE=InnoDB DEFAULT CHARSET=utf8mb4;

--
-- Đang đổ dữ liệu cho bảng `education_information`
--

INSERT INTO `education_information` (`id`, `schoolName`, `specialization`, `degreeName`, `startDate`, `endDate`, `onlineProfileUserId`) VALUES
(35, 'Đại học Bách Khoa TPHCM', 'Khoa học Máy tính', 'Cử nhân', '2024-03-04', '2024-10-07', 4),
(38, 'UI', 'Công nghệ thông tin', 'IELTS', '2024-01-30', '2024-06-16', 10),
(41, 'Đại học Bách Khoa', 'Khoa học Máy tính', 'Cử nhân', '2020-03-29', '2025-03-29', 5),
(43, 'Đại học Bách Khoa', 'Điện tử', 'Cử nhân', '2024-05-20', '2028-05-23', 4),
(44, 'GGG', 'GGG', 'GGG', '2020-05-26', '2025-05-26', 4);

-- --------------------------------------------------------

--
-- Cấu trúc bảng cho bảng `employee`
--

CREATE TABLE `employee` (
  `userId` int(11) NOT NULL,
  `isMarried` tinyint(4) DEFAULT NULL
) ENGINE=InnoDB DEFAULT CHARSET=utf8mb4;

--
-- Đang đổ dữ liệu cho bảng `employee`
--

INSERT INTO `employee` (`userId`, `isMarried`) VALUES
(1, 1),
(4, 1),
(5, 0),
(6, 0),
(10, 0),
(11, 0),
(14, 1);

-- --------------------------------------------------------

--
-- Cấu trúc bảng cho bảng `employer`
--

CREATE TABLE `employer` (
  `userId` int(11) NOT NULL,
  `taxCode` varchar(255) DEFAULT NULL,
  `companyName` varchar(255) DEFAULT NULL,
  `companyLocation` varchar(255) DEFAULT NULL,
  `careerField` varchar(255) DEFAULT NULL,
  `logo` varchar(255) DEFAULT NULL,
  `banner` varchar(255) DEFAULT NULL,
  `description` longtext DEFAULT NULL
) ENGINE=InnoDB DEFAULT CHARSET=utf8mb4;

--
-- Đang đổ dữ liệu cho bảng `employer`
--

INSERT INTO `employer` (`userId`, `taxCode`, `companyName`, `companyLocation`, `careerField`, `logo`, `banner`, `description`) VALUES
(2, '10001', 'Công ty Tài chính Shinhan Việt Nam (Shinhan Finance)', '100/100 Lê Đại Hành', 'Hoạt động kinh doanh của ngân hàng hợp tác xã, quỹ tín dụng nhân dân, tổ chức tài chính vi mô', 'https://firebasestorage.googleapis.com/v0/b/job-recommend-web.appspot.com/o/userDocument%2F010-company.pngc774c467-ad83-48c7-979a-0b6ea7c46f73?alt=media&token=90964677-52f6-4524-abde-fea25575616a', 'https://firebasestorage.googleapis.com/v0/b/job-recommend-web.appspot.com/o/userDocument%2F17964816-business-income-diagram-background.jpgdaa2e1dd-f73a-4f19-bb90-826b89f82929?alt=media&token=6675de61-f1fb-480d-b2a0-4a6b5380e8da', 'Công ty Tài chính Shinhan Việt Nam (Shinhan Finance), trực thuộc Tổng Công ty Shinhan Card (Hàn Quốc), là Công ty Tài chính tiêu dùng 100% vốn nước ngoài (Trước đây là Công ty Tài chính Prudential Việt Nam (Prudential Finance), chính thức hoạt động dưới Thương hiệu Shinhan Finance từ năm 2019. Với sự kết hợp vững chắc giữa nền tảng công nghệ và các sản phẩm tài chính vượt trội của Shinhan Card cùng di sản hơn 10 năm kinh nghiệm phát triển thị trường cho vay tiêu dùng của Prudential Finance, Công ty Tài chính Shinhan Việt Nam cam kết nỗ lực để trở thành Công ty tài chính hỗ trợ khách hàng tốt nhất Việt Nam. Với mạng lưới kinh doanh phát triển rộng khắp trên toàn quốc, Công ty luôn tích cực tiếp cận, tư vấn và hỗ trợ khách hàng với những giải pháp tài chính cá nhân linh hoạt, giúp khách hàng hiện thực hóa ước mơ, nâng cao chất lượng cuộc sống. Công ty Tài chính Shinhan Việt Nam tự hào đã và đang được phục vụ hàng trăm ngàn khách hàng và ngày càng có thêm nhiều khách hàng tín nhiệm lựa chọn các sản phẩm và dịch vụ của Công ty. Công ty sẽ tiếp tục phát huy lợi thế kinh doanh, nâng cao chất lượng dịch vụ, đảm bảo chất lượng quản trị tín dụng và quản trị rủi ro, cam kết trở thành công ty tài chính tiêu dùng minh bạch và uy tín trên thị trường Việt Nam với triết lý kinh doanh đúng đắn: Phấn đấu trở thành một công ty “tốt nhất” hơn là một công ty có “lợi nhuận nhất”.'),
(9, '1201', 'Công ty Trách nhiệm hữu hạn Hữu Hạn Việt Thành Phố Hồ Chí Minh tại Việt Nam', 'Back Khoa University', 'Xây dựng', 'https://firebasestorage.googleapis.com/v0/b/job-recommend-web.appspot.com/o/userDocument%2Fonline-shopping.png0581fe9a-f0a6-4f9c-a086-3981e29336b9?alt=media&token=90357550-3e77-4658-b906-ee514e26698e', NULL, NULL),
(12, '113115', 'Công Ty TNHH Cung Ứng Nhân Lực Nhân Kiệt', ' TP.HCM', 'IT', 'https://firebasestorage.googleapis.com/v0/b/job-recommend-web.appspot.com/o/userDocument%2Fwatering-can.png48855219-af00-455a-8676-74e78cae4a26?alt=media&token=2c5d4f7e-6ab3-4e06-aa8c-4cb41162e415', 'https://firebasestorage.googleapis.com/v0/b/job-recommend-web.appspot.com/o/userDocument%2F17964816-business-income-diagram-background.jpg8790913b-cbce-47cd-a303-6911d4eb304c?alt=media&token=fa43b58a-c6ce-45cc-8e52-80b725c8764b', 'Công ty TNHH Cung Ứng Nhân Lực Nhân Kiệt là công ty chuyên cung ứng và quản lý nguồn lao động\nCông ty TNHH Cung Ứng Nhân Lực Nhân Kiệt ra đời nhằm hỗ trợ cho Quý Doanh nghiệp trong việc quản lý các hoạt động thuê ngoài. Chúng tôi tạo điều kiện cho Quý Doanh nghiệp tiết kiệm được thời gian quý báu của mình để chuyên tâm vào lĩnh vực chuyên môn phục vụ cho hoạt động sản xuất kinh doanh.\nCác lĩnh vực hoạt động\n1. Tư vấn quản lý doanh nghiệp;\n2. Nhân sự thuê ngoài\n3. Dịch vụ tuyển dụng'),
(15, '145', 'Công Ty TNHH Nước Giải Khát Coca-Cola Việt Nam', 'Số 485, Xa Lộ Hà Nội, Phường Linh Trung, Quận Thủ Đức, Thành phố Hồ Chí Minh', 'Sản xuất, chế biến thực phẩm, Sản xuất đồ uống', 'https://firebasestorage.googleapis.com/v0/b/job-recommend-web.appspot.com/o/userDocument%2Fe1%20cocacola.png66027fff-e3bb-479e-afd7-2e7a0409eb1e?alt=media&token=c9196941-c724-49f5-b7f6-cd4f908fa22b', 'https://firebasestorage.googleapis.com/v0/b/job-recommend-web.appspot.com/o/userDocument%2Fer1.png2cdfaa7c-0323-4fef-9439-0c8fa2a77e56?alt=media&token=bc591d06-c1ac-41ea-bc25-22490e111ada', 'Coca Cola Beverages Vietnam Ltd. started ITs operation in 1994. IT has plants in Ha Noi, Da Nang and Ho Chi Minh City. Ho Chi Minh City is the company\\\\\\\'s head office. Coca Cola Beverages Vietnam Ltd. is a 100% foreign-invested company. IT is a subsidiary of the Bottling Investments Group (BIG) which is 100% owned and operated within The Coca Cola Company. BIG was established in 2004 with the purpose of building sustainable bottling businesses around the world. Today, BIG operates on four continents with one of the largest and most geographically diverse footprints, operating bottlers in countries around the world including Germany, China, Brazil and India. Besides the world\\\\\\\'s most famous brand, Coca Cola, Coca Cola Beverages Vietnam also produces Fanta, Sprite, Minute Maid Splash (juice), Samurai (energy drink), Dasani (purified water), Nutri boost (fruit milk) and Schweppes (soda water, tonic). Company Size: 500-999'),
(16, '0147852', 'Công ty Cổ Phần Vinhomes', 'Số 458 phố Minh Khai, phường Vĩnh Tuy, Quận Hai Bà Trưng, Thành Phố Hà Nội', 'Hoạt động kinh doanh bất động sản', 'https://firebasestorage.googleapis.com/v0/b/job-recommend-web.appspot.com/o/userDocument%2Fer2%20vinhomes.png18177054-cb26-4a76-aba3-2d28dbf62562?alt=media&token=c16a69ac-ea22-4d37-9c4b-9a269e12ad08', 'https://firebasestorage.googleapis.com/v0/b/job-recommend-web.appspot.com/o/userDocument%2Fer2.jpgf42db355-c61f-4c6c-92e4-07274cd85e0f?alt=media&token=82560d5f-45f2-4f21-a3a5-d45fab43a83d', 'Address: Văn phòng Hà Nội: Tầng 5, T13, Tower 1, KĐT Vinhomes Times City, 458 Nguyễn Thị Minh Khai, TP. Hà Nội; Văn phòng TP.HCM: Số 2 Tôn Đức Thắng, Bến Nghé, Quận 1, TP.HCM\nWebsite: http:// vinhomes.vn\nCompany Size: 1,000-4,999.\n\nVinhomes - Hệ thống căn hộ và biệt thự với dịch vụ đẳng cấp của Tập đoàn Vingroup\n\nVinhomes cung cấp đến khách hàng một tiêu chuẩn sống đẳng cấp vượt trội mới, đây là sự kết hợp hoàn chỉnh giữa bất động sản nhà ở và hệ thống dịch vụ tiêu chuẩn cao tại những khu đô thị quy mô hàng đầu Việt Nam mang đẳng cấp quốc tế do Vingroup đầu tư.\n\nVới tầm nhìn chiến lược và phát triển bền vững, mỗi khu đô thị trong hệ thống Vinhomes đều tọa lạc tại các vị trí trung tâm Hà Nội và thành phố Hồ Chí Minh, hội tụ những giá trị vượt trội: Sản phẩm nhà ở chất lượng cao; Dịch vụ tại gia chuyên nghiệp; Môi trường sống xanh, sạch; Văn hóa cộng đồng nhân văn; An ninh – An toàn được đảm bảo; và Tiện ích đồng bộ, đầy đủ.\n\nVới Vinhomes, lần đầu tiên, cư dân đã và đang được trải nghiệm một môi trường sống lý tưởng, hoàn toàn mới – nơi hạnh phúc đến từ sự kết hợp hoàn chỉnh giữa tiện nghi sang trọng và hệ thống dịch vụ tiêu chuẩn 5*, tạo dựng một cuộc sống hạnh phúc ngập tràn.\n\nCác khu đô thị mang thương hiệu Vinhomes sẽ luôn là sự lựa chọn hoàn hảo cho quý vị.'),
(17, '456789', 'Công Ty Cổ Phần Kinh Doanh F88', 'Phòng 206, tầng M, tòa nhà N01A, số 275 Nguyễn Trãi - Phường Thanh Xuân Trung - Quận Thanh Xuân - Hà Nội', 'Hoạt động dịch vụ tài chính', 'https://firebasestorage.googleapis.com/v0/b/job-recommend-web.appspot.com/o/userDocument%2Fer3%20f88.png02ed8e74-40fb-4ad6-a5a5-8c3cdbb3ff1c?alt=media&token=09d4ac4a-279a-4f7e-9d25-5382e9613697', 'https://firebasestorage.googleapis.com/v0/b/job-recommend-web.appspot.com/o/userDocument%2Fer3.jpg7ac17fd6-0f4a-4745-96ee-40b70810c7c3?alt=media&token=9c4a56fe-7a3a-441d-b39a-1fa643e8fb6c', 'F88 được thành lập năm 2013 với quyết tâm thay đổi định kiến của xã hội đối với ngành nghề cầm đồ truyền thống đã tồn tại lâu đời tại Việt Nam, F88 đi tiên phong tại thị trường Việt Nam với mô hình Hệ thống Cầm đồ Toàn quốc, cung cấp dịch vụ cầm đồ Tin cậy – Nhanh chóng - Thân thiện.\n\nTIN CẬY: F88 sở hữu hệ thống cửa hàng cầm đồ trên toàn quốc, cung cấp dịch vụ tài chính chất lượng cao. 100% cửa hàng của F88 có đăng ký kinh doanh, chứng chỉ phòng cháy chữa cháy và an ninh trật tự, thủ tục cho vay rõ ràng mang lại sự tin cậy cho khách hàng. F88 cung cấp dịch vụ bảo quản tài sản tốt nhất: Toàn bộ tài sản khi cầm đồ tại F88 được niêm phong và cam kết bồi thường 100% giá trị nếu xảy ra cháy, nổ.\n\nNHANH CHÓNG: F88 cung cấp dịch vụ cho vay thế chấp với thủ tục cho vay đơn giản, giải ngân nhanh chóng, dịch vụ tư vấn chuyên nghiệp và tài sản được định giá sát với giá thị trường.\n\nTHÂN THIỆN: Tổng đài luôn sẵn sàng tư vấn tài chính miễn phí cho quý khách hàng 7 ngày trong tuần. Đội ngũ nhân viên F88 được đào tạo bài bản, nhiệt tình, chuyên nghiệp, luôn tận tâm phục vụ. Đặc biệt, các cửa hàng của F88 đều có nhân viên nữ, tạo cảm giác thân thiện cho quý khách hàng.'),
(18, '147852369', 'Công Ty Cổ Phần Quốc Tế Anh Văn Hội Việt Mỹ', '189 Nguyễn Thị Minh Khai, Quận 1, TP. HCM', NULL, 'https://firebasestorage.googleapis.com/v0/b/job-recommend-web.appspot.com/o/userDocument%2Fer5%20qu%E1%BB%91c%20t%E1%BA%BF%20vi%E1%BB%87t%20m%E1%BB%B9.jpgb8ec8698-3cf9-46ba-ab0b-8748c6be81b1?alt=media&token=1002fd3f-69a0-454f-9cef-38fca274cdc3', 'https://firebasestorage.googleapis.com/v0/b/job-recommend-web.appspot.com/o/userDocument%2Fer5.png728329a7-a07b-4649-8293-e585ecbc6408?alt=media&token=05df038c-cafa-4542-ad82-bdc7e6581ff8', 'Tại VUS, chúng tôi không xem bạn là một người lao động mà là người bạn đồng hành. Đồng hành cùng VUS đồng nghĩa với cùng phát triển, cùng chia sẻ những sứ mạng, mục tiêu và cùng phấn đấu thành một tập thể xuất sắc.\n\n\n\n+ Môi trường làm việc\n\n\n\nVUS tự hào có một môi trường làm việc chuyên nghiệp và công bằng để mỗi cá nhân đều có thể phát huy khả năng của bản thân trong một tập thể gắn kết, bên cạnh đó chúng tôi cũng tổ chức các hoạt động tinh thần để giúp kết nối mọi thành viên với nhau.\n\n\n\n+ Chế độ đãi ngộ\n\n\n\nVUS không mang đến cho bạn một công việc, mà mang đến cho bạn những giá trị vật chất và tinh thần để giúp bạn trưởng thành và thành công trong sự nghiệp.\n\n\n\nLà một thành viên của VUS, bạn sẽ được trải nghiệm:\n\n\n\nChế độ lương thưởng, phúc lợi công bằng và xứng đáng\n\n\n\nVUS xây dựng chính sách lương, thưởng và các chế độ phúc lợi tốt nhất cho mỗi thành viên làm việc và cống hiến.\n\n\n\nCác chương trình đào tạo giúp trao dồi kiến thức và kĩ năng\n\n\n\nHoạt động trong lĩnh vực giáo dục, VUS hiểu rõ tầm quan trọng của việc phát triển nguồn nhân lực. Vì thế, là một thành viên của VUS, bạn sẽ có cơ hội được đào tạo nâng cao tiếng Anh và các kỹ năng nghề nghiệp, cũng như được tham gia các buổi huấn luyện thực tế nhằm bồi dưỡng năng lực và phát triển bản thân.\n\n\n\nCơ hội rèn luyện và thử sức cùng với sự lớn mạnh của VUS\n\n\n\nVUS sẽ mở ra cho bạn nhiều cơ hội thử sức với những vai trò, thách thức mới, giúp khơi dậy năng lực tiềm ẩn và khả năng sáng tạo của bạn trong quá trình phát triển và mở rộng.\n\n\n\nChúng tôi luôn chào đón nồng nhiệt những người muốn gia nhập VUS bằng tài năng, trí tuệ, phẩm chất đạo đức và lòng say mê công việc. Cho dù bạn là một sinh viên mới tốt nghiệp hay là một chuyên viên đang tìm kiếm thử thách mới để chinh phục trên con đường phát triển sự nghiệp, chỉ cần bạn sẵn sàng - chúng tôi luôn có những lộ trình phù hợp cho bạn.\n\n\n\nWebsite Tuyển dụng VUS : https://tuyendung.vus.edu.vn/\n\n'),
(19, '147856', 'Công Ty TNHH Ebisol Việt Nam', 'Phòng 202, Tầng 2, Tòa nhà 77 Điện Biên Phủ, Phường Đa Kao, Quận 1, TP Hồ Chí Minh', 'Lập trình máy vi tính, dịch vụ tư vấn và các hoạt động khác liên quan đến máy vi tính', 'https://firebasestorage.googleapis.com/v0/b/job-recommend-web.appspot.com/o/userDocument%2Fer4%20ebiso.jpg1f1cb845-4373-48fc-b7de-0b46eafbd17e?alt=media&token=0186e75c-bfd3-4e27-b201-e629b1578c90', NULL, NULL);

-- --------------------------------------------------------

--
-- Cấu trúc bảng cho bảng `follow`
--

CREATE TABLE `follow` (
  `employeeId` int(11) NOT NULL,
  `employerId` int(11) NOT NULL,
  `createAt` timestamp NOT NULL DEFAULT current_timestamp()
) ENGINE=InnoDB DEFAULT CHARSET=utf8mb4;

--
-- Đang đổ dữ liệu cho bảng `follow`
--

INSERT INTO `follow` (`employeeId`, `employerId`, `createAt`) VALUES
(4, 2, '2024-04-08 01:51:30'),
(4, 9, '2024-04-20 09:06:32'),
(4, 12, '2024-04-20 08:28:02'),
(10, 2, '2024-04-05 01:44:08'),
(11, 2, '2024-04-09 20:59:42');

-- --------------------------------------------------------

--
-- Cấu trúc bảng cho bảng `follow-job`
--

CREATE TABLE `follow-job` (
  `userId` int(11) NOT NULL,
  `postId` int(11) NOT NULL
) ENGINE=InnoDB DEFAULT CHARSET=utf8mb4;

--
-- Đang đổ dữ liệu cho bảng `follow-job`
--

INSERT INTO `follow-job` (`userId`, `postId`) VALUES
(4, 102),
(4, 104),
(4, 123),
(4, 125),
(5, 123),
(10, 123),
(11, 102),
(11, 103);

-- --------------------------------------------------------

--
-- Cấu trúc bảng cho bảng `job_posting`
--

CREATE TABLE `job_posting` (
  `postId` int(11) NOT NULL,
  `name` varchar(255) DEFAULT NULL,
  `email` varchar(255) DEFAULT NULL,
  `phone` varchar(255) DEFAULT NULL,
  `contactAddress` varchar(255) DEFAULT NULL,
  `workAddress` varchar(255) DEFAULT NULL,
  `jobTitle` varchar(255) DEFAULT NULL,
  `profession` varchar(255) DEFAULT NULL,
  `employmentType` enum('Toàn thời gian cố định','Toàn thời gian tạm thời','Bán thời gian cố định','Bán thời gian tạm thời','Theo hợp đồng tư vấn','Thực tập','Khác') NOT NULL DEFAULT 'Khác',
  `degree` enum('Trung học','Trung cấp','Cao đẳng','Cử nhân','Thạc sĩ','Tiến sĩ','Khác') NOT NULL DEFAULT 'Khác',
  `experience` enum('Chưa có kinh nghiệm','Dưới 1 năm','1 năm','2 năm','3 năm','4 năm','5 năm','Trên 5 năm') NOT NULL DEFAULT 'Trên 5 năm',
  `positionLevel` enum('Quản lí cấp cao','Quản lí cấp trung','Quản lí nhóm-giám sát','Chuyên gia','Chuyên viên - nhân viên','Cộng tác viên') NOT NULL DEFAULT 'Chuyên viên - nhân viên',
  `minAge` int(11) DEFAULT NULL,
  `maxAge` int(11) DEFAULT NULL,
  `sex` enum('Nam','Nữ','Khác') DEFAULT NULL,
  `numberOfVacancies` int(11) DEFAULT NULL,
  `trialPeriod` int(11) DEFAULT NULL,
  `applicationDeadline` date DEFAULT NULL,
  `minSalary` int(11) DEFAULT NULL,
  `maxSalary` int(11) DEFAULT NULL,
  `skills` varchar(255) DEFAULT NULL,
  `jobDescription` longtext DEFAULT NULL,
  `jobRequirements` longtext DEFAULT NULL,
  `benefits` longtext DEFAULT NULL,
  `createAt` timestamp(6) NOT NULL DEFAULT current_timestamp(6),
  `updateAt` timestamp(6) NOT NULL DEFAULT current_timestamp(6) ON UPDATE current_timestamp(6),
  `submissionCount` int(11) DEFAULT NULL,
  `view` int(11) DEFAULT NULL,
  `isHidden` tinyint(4) NOT NULL DEFAULT 0,
  `status` enum('Đã duyệt','Chờ duyệt','Từ chối','Hết hạn') NOT NULL DEFAULT 'Chờ duyệt',
  `requiredSkills` longtext DEFAULT NULL,
  `keywords` longtext DEFAULT NULL,
  `check` varchar(255) DEFAULT NULL,
  `employerUserId` int(11) DEFAULT NULL
) ENGINE=InnoDB DEFAULT CHARSET=utf8mb4;

--
-- Đang đổ dữ liệu cho bảng `job_posting`
--

INSERT INTO `job_posting` (`postId`, `name`, `email`, `phone`, `contactAddress`, `workAddress`, `jobTitle`, `profession`, `employmentType`, `degree`, `experience`, `positionLevel`, `minAge`, `maxAge`, `sex`, `numberOfVacancies`, `trialPeriod`, `applicationDeadline`, `minSalary`, `maxSalary`, `skills`, `jobDescription`, `jobRequirements`, `benefits`, `createAt`, `updateAt`, `submissionCount`, `view`, `isHidden`, `status`, `requiredSkills`, `keywords`, `check`, `employerUserId`) VALUES
(1, 'Nguyễn Tiến Đạt', 'employer1@gmail.com', '0987456321', 'Tân Bình, HCM', 'TP.HCM, Các khách hàng trong khu vực HCM, Hóc Môn', '[HCM] Area Sales Manager', 'Bất động sản,Nông - Lâm - Ngư nghiệp', 'Toàn thời gian cố định', 'Cử nhân', 'Dưới 1 năm', 'Quản lí cấp trung', NULL, NULL, 'Khác', 1, 2, '2024-12-08', 20, 50, NULL, '<p>1) Key Responsibilities:</p><p>− Account Development Merchandising Conduct business reviews,</p><p>− Manage implementation of Marketing plans, Manage distribtution outlets</p><p>− Order Generation Achieve Sales Targets, Resolve Customer Complaints, Monitored volume growth</p><p>− People development Recruit select sales staff, Train coach staff, Maintain staff discipline</p><p>− Asset Routine Management Conduct daily/ weekly/ monthly meeting, review managed performance, Manage company&#x27;s assets in territory.</p><p>− Third party Financial Management Cooperate solve operation issues, Manage 3rd party performance, Review 3rd party performance plan.</p><p>− Communications Reported information, Documented Outputs </p>', '<p>− College graduated/ Bachelor’s degree is preferred</p><p>− 5 years in sales experience in similar positions in FMCG</p><p>− Good Interpersonal, Leadership, Conflict Management Skills</p><p>− Analytical Ability, time management, planning, Organizing, Controlling and problem solving skills</p><p>− Ability to work independently under high pressure </p>', '<ul><li>24/7 Insurance</li><li>Travel</li><li>Allowance</li><li>Shuttle bus</li><li>Uniform</li><li>Bonus</li><li>Training courses</li><li>Annual leave</li><li>Holidays leave</li><li>Business trip</li></ul><p><br/></p><p><em>Please note that by submitting an application to us, you consent to our processing of personal data about you that is provided by you and otherwise lawfully collected by us (which may include sensitive data) for our company&#x27;s recruitment purpose. Where you provide us personal data of others, you further undertake that we are permitted to receive and process such data for the purpose for which you provided IT. You may send your queries or request for support concerning our personal data processing activities to</em> <em><strong>hrvn@coca-cola.com.VN</strong>. To better understand our personal data processing practices, please visit https://www.swirecocacola.com/en/Others/Privacy-Policies.HTML to the full Privacy Policy of Coca-Cola Beverages Viet Nam Limited.</em> </p>', '2024-01-31 16:57:44.502468', '2024-05-15 14:19:50.000000', 0, 93, 0, 'Đã duyệt', NULL, NULL, '0', 15),
(2, 'Nguyễn Tiến Đạt', 'employer1@gmail.com', '0987456321', '24 Trương Công Định, Quận Tân Bình, TP.HCM', 'Hà Nội', 'Nhân Viên Vận Hành Máy Pha Chế (Syrup Operator) - Thường Tín, Hà Nội', 'Công nghệ thực phẩm - Dinh dưỡng', 'Toàn thời gian cố định', 'Cao đẳng', '1 năm', 'Chuyên viên - nhân viên', NULL, NULL, 'Khác', 2, 1, '2024-09-14', 8, 12, NULL, '<ul><li>Nhận nguyên vật liệu đầu vào, kiểm tra CMMP, thông số vận hành máy;</li><li>Vận hành các máy trong phòng Si-rô</li><li>Test mẫu các vị trí trong phòng Si-rô</li><li>Vận hành hệ thống CIP của Si-rô</li><li>Làm việc theo 3 ca (6:00 AM - 14:00 PM, 14:00 PM - 22:00 PM, 22:00 PM - 6:00 AM) </li></ul>', '<p>- Tốt nghiệp Cao đẳng chuyên ngành về thực phẩm, hóa học, sinh học, ưu tiên có kinh nghiệm ngành nước giải khát.</p><p>- Năng lực làm việc độc lập, làm việc nhóm</p><p>- Kỹ năng giao tiếp tốt</p><p>- Biết sử dụng máy tính văn phòng.</p><p>- Có kiến thức về TPM, Lean, HACCP.</p><p><br/></p><p>***Vui lòng lưu ý rằng bằng việc nộp đơn ứng tuyển cho chúng tôi, bạn đồng ý cho phép chúng tôi xử lý dữ liệu cá nhân do bạn cung cấp cũng như do chúng tôi thu thập theo cách hợp pháp khác về bạn (có thể bao gồm dữ liệu nhạy cảm) nhằm mục đích tuyển dụng nhân sự của Công ty. Trường hợp bạn cung cấp dữ liệu cá nhân của người khác cho chúng tôi, bạn cũng cam kết rằng chúng tôi được phép nhận và xử lý những dữ liệu này cho mục đích mà bạn cung cấp. Bạn có thể gửi thắc mắc hoặc yêu cầu hỗ trợ cho chúng tôi liên quan đến hoạt động xử lý dữ liệu cá nhân . Để hiểu rõ hơn về hoạt động xử lý dữ liệu cá nhân của chúng tôi, vui lòng truy cập đường dẫn www.swirecocacola.com/en/Others/Privacy-Policies.HTML đến Chính sách quyền riêng tư đầy đủ của Công ty TNHH Nước Giải Khát Coca-Cola Việt Nam. </p>', '<p>- Chế độ bảo hiểm</p><p>- Du Lịch</p><p>- Phụ cấp</p><p>- Xe đưa đón</p><p>- Đồng phục</p><p>- Chế độ thưởng</p><p>- Chăm sóc sức khỏe</p><p>- Đào tạo</p><p>- Tăng lương</p><p>- Công tác phí</p><p>- Nghỉ phép năm </p>', '2024-01-31 17:03:52.399156', '2024-04-22 20:52:03.345807', 0, 26, 0, 'Đã duyệt', 'giao tiếp tốt\n', 'máy tính văn phòng, haccp, tpm, làm việc nhóm, si-rôtest mẫu, vận hành máy, cip của si-rôlàm, thực phẩm, sinh học, độc lập, phòng si-rôvận hành hệ thống cip của si-rôlàm việc theo 3 ca (6:00 am - 14:00 pm, 14:00 pm - 22:00 pm, 22:00 pm - 6:00 am), nguyên vật liệu đầu vào kiểm tra cmmp thông số vận hành máy;vận hành các máy trong phòng si-rôtest mẫu các vị trí trong phòng si-rôvận', '0', 15),
(3, 'Nguyễn Tiến Đạt', 'employer1@gmail.com', '0987456321', '24 Trương Công Định, Quận Tân Bình, TP.HCM', 'Thủ Đức, TP.HCM', 'Thực Tập Sinh - Học Kỳ Coca-Cola (Long An)', 'Sản xuất - Lắp ráp - Chế biến', 'Toàn thời gian cố định', 'Cao đẳng', 'Chưa có kinh nghiệm', 'Chuyên viên - nhân viên', NULL, NULL, 'Khác', 5, NULL, '2024-08-10', 4, 6, NULL, '<p>- Các vị trí thực tập:</p><p>· Thực tập sinh vận hành pha chế</p><p>· Thực tập sinh vận hành đóng gói</p><p>· Thực tập sinh kỹ thuật viên cơ/ điện</p><p>· Thực tập sinh QA/QC</p><ul><li>Trải nghiệm tham gia phỏng vấn, và tư vấn <strong>hướng nghiệp </strong>từ anh chị chuyên gia hàng đầu</li><li>Trải nghiệm môi trường làm việc tại nhà máy có công nghệ hàng đầu về chất lượng, an toàn, và bền vững</li><li>Chương trình huấn luyện đặc biệt được thiết kế dành riêng cho sinh viên khối ngành sản xuất</li><li>Trải nghiệm <strong>công việc thực tế </strong>như một nhà vận hành sản xuất chuyên nghiệp</li><li>Cơ hội trở thành <strong>nhân viên chính thức</strong> tại Coca-Cola Greenfield Long An (Ưu tiên ứng tuyển vào vòng phỏng vấn)</li><li>Trợ cấp thực tập: hấp dẫn</li></ul><p><strong>1. Học tập trên lớp - Mở đầu định hướng</strong></p><ul><li>CCBV trong bạn</li><li>Tổng quan về Chuỗi cung ứng</li><li>Hệ thống học tập SC Frontline Excellence, và MultiSkill</li><li>An toàn, Chất lượng, và Quy trình sản xuất</li></ul><p><strong>2. Huấn luyện chuyên môn 1:1 - Học tập chuyên môn</strong></p><ul><li>Quy trình làm việc</li><li>Vai trò và trách nhiệm trong công việc</li><li>Hành vi tuân thủ tại nơi làm việc</li><li>Thực hành “shadowing”</li></ul><p><strong>3. Huấn luyện trên công việc và cố vấn sự nghiệp - (Trải nghiệm thực tế)</strong></p><ul><li>Thực hành công việc thực tế</li><li>Bài tập thực hành cá nhân</li><li>Thử thách nhóm </li></ul>', '<ul><li>Sinh viên năm cuối, hoặc mới tốt nghiệp với kinh nghiệm làm việc dưới 6 tháng tại các trường cao đẳng/ đại học khối ngành kỹ thuật</li><li>Có giấy giới thiệu thực tập từ trường Cao Đẳng/ Đại Học</li><li>Sẵn sàng đi làm toàn thời gian, từ thứ 2 – thứ 7 (làm việc giờ hành chính hoặc đi ca 8 tiếng)</li><li>Khu vực target: Long An và khu vực lân cận</li><li>Có định hướng phát triển sự nghiệp từ vị trí</li><li>Có tinh thần trách nhiệm, học hỏi nhanh, kỹ năng giao tiếp và làm việc nhóm tốt</li><li>Điểm trung bình từ 6.5/10 (hoặc tương đương)</li></ul><p>***Vui lòng lưu ý rằng bằng việc nộp đơn ứng tuyển cho chúng tôi, bạn đồng ý cho phép chúng tôi xử lý dữ liệu cá nhân do bạn cung cấp cũng như do chúng tôi thu thập theo cách hợp pháp khác về bạn (có thể bao gồm dữ liệu nhạy cảm) nhằm mục đích tuyển dụng nhân sự của Công ty. Trường hợp bạn cung cấp dữ liệu cá nhân của người khác cho chúng tôi, bạn cũng cam kết rằng chúng tôi được phép nhận và xử lý những dữ liệu này cho mục đích mà bạn cung cấp. Bạn có thể gửi thắc mắc hoặc yêu cầu hỗ trợ cho chúng tôi liên quan đến hoạt động xử lý dữ liệu cá nhân. Để hiểu rõ hơn về hoạt động xử lý dữ liệu cá nhân của chúng tôi, vui lòng truy cập đường dẫn www.swirecocacola.com/en/Others/Privacy-Policies.HTML đến Chính sách quyền riêng tư đầy đủ của Công ty TNHH Nước Giải Khát Coca-Cola Việt Nam. </p>', '<ul><li>Trợ cấp thực tập</li><li>Quà tặng thương hiệu hấp dẫn từ chương trình</li><li>Xe đưa đón</li><li>Chứng nhận hoàn thành chương trình thực tập từ CCBV</li><li>Cơ hội trở thành nhân viên chính thức tại Coca-Cola Greenfield Long An. &gt;&gt; Ưu tiên ứng tuyển vào vòng phỏng vấn </li></ul>', '2024-01-20 17:07:35.643479', '2024-05-15 14:17:41.000000', 0, 4, 0, 'Đã duyệt', NULL, NULL, '0', 15),
(4, 'Phạm Hoàng Long', 'employer2@gmail.com', '0962351757', 'TP.HCM', 'Vinhomes Grand Park - Đối diện số 591 Nguyễn Xiển, P. Long Thạnh Mỹ, Quận 9, Thủ Đức, TP.HCM', 'Quận 9 - Giám Sát Cảnh Quan Cây Xanh Tại Vinhomes Grand Park', 'Nông - Lâm - Ngư nghiệp', 'Toàn thời gian cố định', 'Cao đẳng', '1 năm', 'Quản lí cấp cao', NULL, NULL, 'Khác', 5, 2, '2024-10-10', 10, 30, NULL, '<p>- Phụ trách bảo dưỡng cây xanh Khu đô thị:</p><p>• Lập kế hoạch chăm sóc bảo dưỡng các loại cây khu vực phụ trách</p><p>• Hướng dẫn, giám sát việc thực hiện công việc của các tổ bảo dưỡng theo kế hoạch đã thống nhất</p><p>• Báo cáo kết quả chăm sóc và bảo dưỡng theo kế hoạch</p><p>- Phụ trách thi công cây xanh Khu vực: </p><p>• Lập kế hoạch và phương án thi công</p><p>• Giám sát việc thi công theo phương án và kế hoạch đã thống nhất</p><p>• Báo cáo kết quả thi công cho quản lý trực tiếp</p><p><strong>&gt; Làm việc tại: Đại đô thị Vinhomes Grand Park - Đối diện số 591 Nguyễn Xiển, P. Long Thạnh Mỹ, Quận 9</strong> </p>', '<p>- Tốt nghiệp Cao đẳng trở lên chuyên ngành Hoa viên, Cảnh quan Môi trường, Nông - lâm nghiệp....</p><p>- Đam mê và có kiến thức về mảng cảnh quan cây xanh ( trồng mới, sâu bệnh...)</p><p>- Chịu được áp lực trong công việc</p><p>- Có khả năng làm việc độc lập tốt và quản lý đội nhóm tốt</p><p>- Kỹ năng tin học văn phòng, giao tiếp tốt </p>', '<p>- Thu nhập hấp dẫn <strong>từ 10 TRIỆU/ THÁNG TRỞ LÊN, thỏa thuận theo năng lực</strong></p><p>- Phụ cấp ăn ca 850.000đ/tháng</p><p>- Ký HĐLĐ không xác định thời hạn, ổn định - lâu dài</p><p>- Tham gia đầy đủ chế độ BHXH, BHYT, BHTN. Sau khi ký HĐLĐ chính thức sẽ được tham gia bảo hiểm sức khỏe Vingroup (có giá trị bảo hiểm cao và được sử dụng song song với BHYT)</p><p>- Được hưởng chế độ và chính sách đãi ngộ của Công ty (khám sức khoẻ định kỳ, phép năm, lễ tết, lương tháng 13, hiếu hỉ...) </p><p>- Tham gia các hoạt động tham quan, nghỉ mát của công ty</p><p>- Ưu đãi khi sử dụng các sản phẩm cao cấp của tập đoàn Vingroup: Vinfast, Vinpearl, Vinschool, Vinmec..</p><p>- Được xét tăng lương hằng năm và nhiều phụ cấp đặc thù công việc khác </p>', '2024-01-13 13:59:58.146747', '2024-04-23 01:51:51.610000', 0, 242, 0, 'Đã duyệt', NULL, ', bảo dưỡng cây xanh,  kế hoạch chăm sóc bảo dưỡng,  hướng dẫn giám sát công việc,  báo cáo kết quả chăm sóc và bảo dưỡng,  thi công cây xanh,  lập kế hoạch thi công,  giám sát thi công theo phương án và kế hoạch,  báo cáo kết quả thi công,  đại đô thị vinhomes grand park,  tốt nghiệp cao đẳng trở lên chuyên ngành hoa viên cảnh quan môi trường nông lâm nghiệp,  kiến thức về mảng cảnh quan cây xanh trồng mới sâu bệnh,  áp lực trong công việc,  làm việc độc lập tốt và quản lý đội nhóm tốt, kỹ năng tin học văn phòng giao tiếp', '0', 16),
(5, 'Phạm Hoàng Long', 'employer2@gmail.com', '0962351757', 'Hải Phòng', 'Vũ Yên, Thủy Nguyên, Hải Phòng', '[Vinhomes - Hải Phòng] Chuyên Viên Kinh Doanh BĐS', 'Bất động sản', 'Toàn thời gian cố định', 'Trung cấp', '1 năm', 'Chuyên viên - nhân viên', 23, 50, 'Khác', 100, 2, '2024-10-10', 10, 50, NULL, '<p>- Tìm kiếm, khai thác khách hàng có nhu cầu về bất động sản.</p><p>- Thực hiện quy trình bán hàng theo quy trình tiêu chuẩn của công ty</p><p>- Nhận chỉ tiêu doanh số bán hàng hàng tháng và hoàn thành chỉ tiêu được giao</p><p>- Phát triển mở rộng mối quan hệ với tệp khách hàng hiện tại và tệp khách hàng mới.</p><p>- Chăm sóc khách hàng theo chương trình của công ty.</p><p>- Hỗ trợ khách hàng hoàn thiện các thủ tục.</p><p>- Các công việc chi tiết trao đổi khi phỏng vấn; </p>', '<p>Nam/Nữ tuổi từ 22 - 40, tốt nghiệp Trung cấp trở lên </p><p>- Có tối thiểu 02 năm kinh nghiệm trong bán hàng hoặc chăm sóc bán hàng mảng Bất động sản;</p><p>- Ưu tiên ứng viên đã từng bán các sản phẩm BĐS của Vinhomes;</p><p>- Yêu thích kinh doanh và đam mê Bất động sản</p><p>- Ngoại hình ưa nhìn, nhanh nhẹn, giao tiếp tốt, tư duy dịch vụ khách hàng tốt</p><p>- Có kỹ năng thuyết phục, đàm phán, chốt giao dịch</p><p>- Yêu cầu nhanh nhẹn, nhiệt tình, chăm chỉ, cần thận </p>', '<p>- Thu nhập hấp dẫn, cạnh tranh từ 11 - 50 triệu/tháng ( Lương + PC + KPI )</p><p>- Được tham gia đóng bảo hiểm theo quy định của Nhà nước, hưởng các phúc lợi hấp dẫn từ TĐ Vingroup</p><p>- Chính sách đào tạo bài bản, chuyên nghiệp</p><p>- Các Dự án với địa điểm đặc địa, chính sách pháp lý rõ ràng</p><p>- Được làm việc trong môi trường chuyên nghiệp, năng động và hiệu quả, có cơ hội thăng tiến </p>', '2024-01-25 14:09:42.733271', '2024-04-22 18:12:53.460523', 0, 2, 0, 'Từ chối', NULL, NULL, '0', 16),
(6, 'Phạm Hoàng Long', 'employer2@gmail.com', '0962351757', 'Hải Phòng', 'Vũ Yên, Thủy Nguyên, Hải Phòng', '[Vinhomes - Hải Phòng] Chuyên Viên Kinh Doanh BĐS', 'Bất động sản', 'Toàn thời gian cố định', 'Trung cấp', '1 năm', 'Chuyên viên - nhân viên', 23, 50, 'Khác', 100, 2, '2024-10-10', 10, 50, NULL, '<p>- Tìm kiếm, khai thác khách hàng có nhu cầu về bất động sản.</p><p>- Thực hiện quy trình bán hàng theo quy trình tiêu chuẩn của công ty</p><p>- Nhận chỉ tiêu doanh số bán hàng hàng tháng và hoàn thành chỉ tiêu được giao</p><p>- Phát triển mở rộng mối quan hệ với tệp khách hàng hiện tại và tệp khách hàng mới.</p><p>- Chăm sóc khách hàng theo chương trình của công ty.</p><p>- Hỗ trợ khách hàng hoàn thiện các thủ tục.</p><p>- Các công việc chi tiết trao đổi khi phỏng vấn; </p>', '<p>Nam/Nữ tuổi từ 22 - 40, tốt nghiệp Trung cấp trở lên </p><p>- Có tối thiểu 02 năm kinh nghiệm trong bán hàng hoặc chăm sóc bán hàng mảng Bất động sản;</p><p>- Ưu tiên ứng viên đã từng bán các sản phẩm BĐS của Vinhomes;</p><p>- Yêu thích kinh doanh và đam mê Bất động sản</p><p>- Ngoại hình ưa nhìn, nhanh nhẹn, giao tiếp tốt, tư duy dịch vụ khách hàng tốt</p><p>- Có kỹ năng thuyết phục, đàm phán, chốt giao dịch</p><p>- Yêu cầu nhanh nhẹn, nhiệt tình, chăm chỉ, cần thận </p>', '<p>- Thu nhập hấp dẫn, cạnh tranh từ 11 - 50 triệu/tháng ( Lương + PC + KPI )</p><p>- Được tham gia đóng bảo hiểm theo quy định của Nhà nước, hưởng các phúc lợi hấp dẫn từ TĐ Vingroup</p><p>- Chính sách đào tạo bài bản, chuyên nghiệp</p><p>- Các Dự án với địa điểm đặc địa, chính sách pháp lý rõ ràng</p><p>- Được làm việc trong môi trường chuyên nghiệp, năng động và hiệu quả, có cơ hội thăng tiến </p>', '2024-02-16 14:09:45.070436', '2024-04-23 01:52:50.270000', 0, 463, 0, 'Đã duyệt', NULL, ', bất động sản,  bán hàng,  khách hàng,  chăm sóc khách hàng,  doanh số bán hàng,  mở rộng mối quan hệ,  tệp khách hàng,  thủ tục,  phỏng vấn, tuổi từ 22 - 40, tốt nghiệp trung cấp, kinh nghiệm trong bán hàng, chăm sóc bán hàng, đam mê bất động sản, ngoại hình ưa nhìn, giao tiếp tốt, thuyết phục, đàm phán, chốt giao dịch', '0', 16),
(7, 'Phạm Hoàng Long', 'employer2@gmail.com', '0962351757', 'Hải Phòng', 'Vũ Yên, Thủy Nguyên, Hải Phòng', '[Vinhomes - Hải Phòng] Chuyên Viên Kinh Doanh BĐS', 'Bất động sản', 'Toàn thời gian cố định', 'Trung cấp', '1 năm', 'Chuyên viên - nhân viên', 23, 50, 'Khác', 100, 2, '2024-09-01', 10, 50, NULL, '<p>- Tìm kiếm, khai thác khách hàng có nhu cầu về bất động sản.</p><p>- Thực hiện quy trình bán hàng theo quy trình tiêu chuẩn của công ty</p><p>- Nhận chỉ tiêu doanh số bán hàng hàng tháng và hoàn thành chỉ tiêu được giao</p><p>- Phát triển mở rộng mối quan hệ với tệp khách hàng hiện tại và tệp khách hàng mới.</p><p>- Chăm sóc khách hàng theo chương trình của công ty.</p><p>- Hỗ trợ khách hàng hoàn thiện các thủ tục.</p><p>- Các công việc chi tiết trao đổi khi phỏng vấn; </p>', '<p>Nam/Nữ tuổi từ 22 - 40, tốt nghiệp Trung cấp trở lên </p><p>- Có tối thiểu 02 năm kinh nghiệm trong bán hàng hoặc chăm sóc bán hàng mảng Bất động sản;</p><p>- Ưu tiên ứng viên đã từng bán các sản phẩm BĐS của Vinhomes;</p><p>- Yêu thích kinh doanh và đam mê Bất động sản</p><p>- Ngoại hình ưa nhìn, nhanh nhẹn, giao tiếp tốt, tư duy dịch vụ khách hàng tốt</p><p>- Có kỹ năng thuyết phục, đàm phán, chốt giao dịch</p><p>- Yêu cầu nhanh nhẹn, nhiệt tình, chăm chỉ, cần thận </p>', '<p>- Thu nhập hấp dẫn, cạnh tranh từ 11 - 50 triệu/tháng ( Lương + PC + KPI )</p><p>- Được tham gia đóng bảo hiểm theo quy định của Nhà nước, hưởng các phúc lợi hấp dẫn từ TĐ Vingroup</p><p>- Chính sách đào tạo bài bản, chuyên nghiệp</p><p>- Các Dự án với địa điểm đặc địa, chính sách pháp lý rõ ràng</p><p>- Được làm việc trong môi trường chuyên nghiệp, năng động và hiệu quả, có cơ hội thăng tiến </p>', '2024-02-20 14:09:45.208050', '2024-04-22 18:12:53.460523', 0, 120, 0, 'Chờ duyệt', NULL, NULL, '0', 16),
(10, 'Phạm Hoàng Long', 'employer2@gmail.com', '0962351757', 'Vũ Yên, Thủy Nguyên, Hải Phòng', 'Sàn giao dịch BĐS Vinhomes, 161 Võ Nguyên Giáp, Thủ Đức, TP.HCM', 'Vinhomes - Trưởng Phòng Kinh Doanh BĐS (Inhouse)', 'Bất động sản', 'Toàn thời gian cố định', 'Cử nhân', '2 năm', 'Quản lí cấp cao', NULL, NULL, 'Khác', 100, 2, '2024-06-06', 15, 50, NULL, '<p>- Quản lý điều hành nhóm/ bộ phận được phân công</p><p>- Tuyển dụng, đào tạo đảm bảo chất lượng công việc đội ngũ nhân viên</p><p>- Xây dựng, chăm sóc và duy trì và phát triển với tệp khách hàng hiện tại và tệp khách hàng mới</p><p>- Triển khai thực hiện chiến lược, kế hoạch kinh doanh theo chỉ đạo, đảm bảo doanh số theo KPIs được giao</p><p>- Các công việc chi tiết trao đổi khi phỏng vấn </p>', '<p>- Nam/ Nữ, Tốt nghiệp Đại học trở lên</p><p>- Ngoại hình ưa nhìn; yêu thích kinh doanh và đam mê Bất động sản</p><p>- Tối thiểu 02 năm kinh nghiệm vị trí tương đương tại Công ty Bất động sản hoặc các Tổ chức Tài chính, Ngân hàng, Bảo hiểm...</p><p>- Kỹ năng quản lý, đàm phán thuyết phục, tư duy dịch vụ khách hàng cao cấp</p><p>- Có đạo đức tốt, trung thực, tuân thủ kỷ luật và có trách nhiệm cao với công việc </p>', '<p><strong>- Mức lương hấp dẫn + Thưởng doanh số</strong></p><p>- Chủ đầu tư uy tín</p><p>- Được tham gia đóng bảo hiểm theo quy định của Nhà nước, hưởng các phúc lợi hấp dẫn từ TĐ Vingroup</p><p>- Được làm việc trong môi trường chuyên nghiệp, năng động và hiệu quả, có cơ hội thăng tiến. </p>', '2024-03-13 16:40:48.084176', '2024-04-23 01:52:54.786000', 0, 8, 0, 'Đã duyệt', NULL, ', quản lý điều hành nhóm,  bộ phận được phân công,  tuyển dụng,  đào tạo đảm bảo chất lượng công việc,  đội ngũ nhân viên,  xây dựng,  chăm sóc và duy trì và phát triển với tệp khách hàng hiện tại và tệp khách hàng mới,  triển khai thực hiện chiến lược,  kế hoạch kinh doanh theo chỉ đạo,  doanh số theo kpis được giao, nam/ nữ, tốt nghiệp đại học trở lên, ngoại hình ưa nhìn, kinh doanh, đam mê bất động sản, kinh nghiệm vị trí tương đương, công ty bất động sản, tổ chức tài chính, ngân hàng, bảo hiểm...- kỹ năng quản lý', '0', 16),
(11, 'Phạm Hoàng Long', 'employer2@gmail.com', '0962351757', 'Vũng Tàu', 'Số 1 bến Ngoan, P. Hồng Gai, TP Hạ Long, Hạ Long, Quảng Ninh', 'Tổ Trưởng Kỹ Thuật - Vinhomes Dragon Bay (Hạ Long)', 'Điện - Điện tử - Điện lạnh', 'Toàn thời gian cố định', 'Cử nhân', '5 năm', 'Quản lí cấp trung', 30, 45, 'Nam', 1, 2, '2024-12-12', 12, 15, NULL, '<p>- Tổ chức công tác vận hành, bảo trì, sửa chữa hệ thống kỹ thuật, cơ điện các tòa nhà trong khu vực quản lý;</p><p>- Tổ chức công tác nghiệm thu, nhận bàn giao các hạng mục xây dựng, kỹ thuật từ các công ty xây dựng và nhà thầu để đưa vào vận hành;</p><p>- Quản lý hồ sơ kỹ thuật, bản vẽ hoàn công của cả khu vực và của các khách thuê tại khu vực;</p><p>- Tiếp nhận và giải quyết nhanh chóng phàn nàn của khách hàng liên quan đến dịch vụ kỹ thuật;</p><p>- Giám sát, hỗ trợ các bộ phận khác những vấn đề liên quan đến hệ thống kỹ thuật/cơ sở hạ tầng tại khu vực.</p><p>- Chi tiết công việc trao đổi khi phỏng vấn. </p>', '<p>- Tốt nghiệp Đại học các chuyên ngành Điện, Nhiệt lạnh, Quản lý toàn nhà tuổi từ 30 - 45.</p><p>- Ưu tiên từng làm TBP mảng kỹ thuật ở các tòa nhà hoặc Nhà hàng/Khách sạn.</p><p>- 5 năm Kinh nghiệm công tác giám sát, quản lý bảo trì, vận hành hệ thống kỹ thuật, cơ điện trong các tòa nhà chung cư/văn phòng/khách sạn.</p><p>- Am hiểu việc bảo trì cơ cấu xây dựng, tiện ích và thẩm mỹ của tòa nhà/khu đô thị.</p><p>- Khả năng đọc hiểu bản vẽ thiết kế, đồ họa</p><p>- Có kỹ năng quản lý, tổ chức và giám sát công việc,</p><p>- Có tư duy dịch vụ tốt, có kỹ năng xử lý thắc mắc và giải quyết khiếu nại của khách hàng liên quan đến vấn đề kỹ thuật.</p><p>- Khả năng chịu được áp lực cao trong công việc. </p>', '<p>- Thu nhập hấp dẫn</p><p>- Ưu đãi mua nhà, Vinfast, nghỉ dưỡng Vinpearl, con hoạc tập Vinschool...</p><p>- BH đầy đủ, thưởng Lễ tết, chăm sóc sức khỏe...</p><p>- Các hoạt động thể thao, văn nghệ gắn kết </p>', '2024-03-13 16:48:52.630546', '2024-04-23 01:53:01.096000', 0, 3, 0, 'Đã duyệt', NULL, ', quản lý hồ sơ kỹ thuật,  giải quyết nhanh chóng phàn nàn,  dịch vụ kỹ thuật,  hệ thống kỹ thuật/cơ sở hạ tầng,  tbp mảng kỹ thuật,  quản lý bảo trì,  vận hành hệ thống kỹ thuật,  cơ điện,  các tòa nhà chung cư/văn phòng/khách sạn,  bảo trì cơ cấu xây dựng,  tiện ích và thẩm mỹ của tòa nhà/khu đô thị,  đọc hiểu bản vẽ thiết kế,  đồ họa,  kỹ năng quản lý,  tổ chức và giám sát công việc,  tư duy dịch vụ tốt,  xử lý thắc mắc và giải quyết khiếu nại của khách hàng liên quan đến vấn đề kỹ thuật', '0', 16),
(12, 'Phạm Hoàng Long', 'employer2@gmail.com', '0962351757', 'Hà Nội', 'BQL Vinhomes Ocean Park 1, Gia Lâm, Hà Nội', 'Nhân Viên Kỹ Thuật Tòa Nhà Tại Hà Nội', 'Khoa học - Kĩ thuật', 'Toàn thời gian cố định', 'Trung cấp', 'Chưa có kinh nghiệm', 'Chuyên viên - nhân viên', 18, 45, 'Nam', 10, 2, '2024-12-01', 9, 11, NULL, '<p>- Thực hiện nghiệp vụ sửa chữa các lỗi về điện nước, điều hòa trong căn hộ và khu vực công cộng</p><p>- Thực hiện các công việc bảo trì thường xuyên tại các khu vực được phân công</p><p>- Tuân thủ đầy đủ các yêu cầu chuyên môn kỹ thuật, an toàn lao động và quy định về phòng cháy chữa cháy</p><p>- Tiếp nhận và giải đáp thắc mắc từ cư dân / khách hàng, hỗ trợ các ca trực khác khi có yêu cầu</p><p>- Tuân thủ các quyết định điều động của cấp trên trong các trường hợp khẩn cấp </p>', '<p>- Tốt nghiệp Trung cấp trên chuyên ngành: Kỹ thuật, Điện, điện tử, điện lạnh, thang máy, phòng cháy chữa cháy, mảng điện nước, điều hòa không khí,...</p><p>- Ưu tiên Ứng viên có kinh nghiệm làm việc liên quan đến hệ thống kỹ thuật toà nhà văn phòng/cao ốc, nhà xưởng.</p><p>- Có khả năng chịu áp lực trong công việc, có khả năng làm xoay ca (6-14h, 14-22h, 22-6h)</p><p>- Ham học hỏi, tác phong làm việc khoa học và chuyên nghiệp </p>', '<p>- Thu nhập hấp dẫn, (từ 9 triệu/tháng trở lên), có phụ cấp ăn ca</p><p>- Được hưởng các chế độ phúc lợi theo Luật của Nhà nước: Đóng BHXH, BHYT, BHTN....</p><p>- Được khám sức khỏe định kỳ.</p><p>- Được hưởng ưu đãi từ TĐ Vingroup</p><p>- Được đào tạo chuyên nghiệp, có nhiều cơ hội phát triển nghề nghiệp.</p><p>- Môi trường làm việc văn minh, công bằng...</p><p>- Được ký HĐLĐ chính thức sau thời gian thử việc theo quy định. </p>', '2024-03-13 16:51:54.526595', '2024-05-15 14:17:58.000000', 0, 4, 0, 'Đã duyệt', 'chịu áp lực', 'chịu áp lực, Sửa chữa,  Bảo trì,  Kỹ thuật,  An toàn lao động,  Phòng cháy chữa cháy,  Hỗ trợ khách hàng,  Quyết định điều động,  Trung cấp trên,  Kỹ năng toà nhà văn phòng/cao ốc,  Xoay ca', '0', 16),
(13, 'Ưng Thảo Nghi', 'employer3@gmail.com', '0962351757', 'Xã Mỹ Thạnh Đông, Huyện Đức Huệ, Long An', 'Số 3, Đường Nguyễn Cơ Thạch, Phường An Lợi Đông, Thành phố Thủ Đức, Thành Phố Hồ Chí Minh, Thủ Đức', 'Chuyên Gia Phát Triển Sản Phẩm (Mảng Quản Trị Dự Án)', 'Phân tích - Thống kê dữ liệu', 'Toàn thời gian cố định', 'Cử nhân', '5 năm', 'Chuyên gia', NULL, NULL, 'Khác', 1, 2, '2024-07-06', 28, 35, NULL, '<ul><li>Nghiên cứu thị trường (ngành, KH mục tiêu) để đề xuất ý tưởng sản phẩm mới cho thị trường tài chính tiêu dùng (Sản phẩm vay qua PGD, Vay qua APP, Dịch vụ tài chính khác: CASA, PAYMENT,...).</li><li>Lên phương án mô hình tài chính về sản phẩm và bảo vệ với Hội đồng sản phẩm.</li><li>Quản lý toàn bộ Quá trình thiết kế sản phẩm mới với các bên liên quan và đảm bảo đầu ra của từng Deliverable (Sản phẩm bàn giao) của Quá trình PTSP, từ mô hình tài chính của sản phẩm, Soạn thảo đặc tính và quy trình vận hành sản phẩm, Phối hợp phát triển Sản phẩm trên hệ thống, Truyền thông đào tạo Cách thức bán (tips, FAQ) trong bán hàng, Phối hợp thúc đẩy bán SP hiệu quả.</li><li>Đánh giá thử nghiệm, đánh giá hiệu quả SP (Tài chính, Rủi ro, hiệu quả bán hàng) sau triển khai và đề xuất tối ưu.</li><li>Nghiên cứu và tối ưu Sản phẩm hiện hữu.</li><li>Biết xây dựng và quản lý dự án liên phòng ban (gồm: Kinh doanh, TNKH, QTRR, Pháp Chế, IT, Vận hành....) để đảm bảo hiệu quả dự án. </li></ul>', '<p><strong>1. Trình độ học vấn:</strong></p><ul><li> Tốt nghiệp Đại học trở lên, chuyên ngành Kinh tế, Tài chính, Ngân hàng, Công nghệ thông tin,...</li></ul><p><strong>2. Các Kỹ năng:</strong></p><ul><li>Kỹ năng đàm phán, thuyết phục</li><li>Kỹ năng phân tích, xử lý thông tin, xử lý tình huống và ra quyết định</li><li>Kỹ năng xây dựng mối quan hệ</li><li>Kỹ năng tư duy chiến lược</li><li>Kỹ năng quản lý dự án</li><li>Kỹ năng văn bản hóa bài bản</li></ul><p><strong>3. Các Kinh nghiệm liên quan: </strong></p><ul><li>Đã có tối thiểu 05 năm kinh nghiệm quản lý, phát triển sản phẩm, trong đó có tối thiểu 2 năm kinh nghiệm tham gia và trực tiếp quản lý các dự án về sản phẩm.</li><li>Có khả năng xây dựng mô hình tài chính theo sản phẩm; hiểu công nghệ; nghiên cứu và phân tích thị trường.</li></ul><p><br/> </p>', '<ul><li>Lương thưởng cạnh tranh + Thưởng KPI theo kết quả công việc </li><li>Thưởng cuối năm + thưởng Lễ/Tết + thưởng sinh nhật</li><li>12 ngày phép năm + Nghỉ sinh nhật</li><li>BHXH + chế độ bảo hiểm đặc biệt dành cho nhân viên (F88 Care)</li><li>Cơ hội tham gia gắn kết với tập thể thông qua các hoạt động văn hóa sôi động: Teambuilding, Tất niên, 8/3, 20/10, Giáng sinh…</li><li>Môi trường làm việc cởi mở và năng động với các giá trị cốt lõi sâu sắc truyền cảm hứng làm việc đến nhân viên.</li><li>Khuyến khích trao đổi ý tưởng, đề cao sự sáng tạo trong công việc.</li><li>F88 cam kết cho bạn nền tảng vững chắc để trau dồi và phát triển.</li><li>Sẵn sàng trao quyền, cơ hội đột phá cho CBNV. </li></ul>', '2024-03-13 17:00:00.470098', '2024-04-23 01:58:23.361000', 0, 3, 0, 'Đã duyệt', NULL, ', sản phẩm vay,  mô hình tài chính,  quá trình thiết kế sản phẩm,  đầu ra của từng deliverable,  phối hợp phát triển sản phẩm,  truyền thông đào tạo cách thức bán,  đánh giá hiệu quả sp,  nghiên cứu và tối ưu sản phẩm hiện hữu,  xây dựng và quản lý dự án liên phòng ban,  kinh doanh,  tnkh,  qtrr,  pháp chế,  it,  vận hành, tốt nghiệp đại học trở lên, chuyên ngành kinh tế, tài chính, ngân hàng, công nghệ thông tin', '0', 17),
(14, 'Ưng Thảo Nghi', 'employer3@gmail.com', '0962351757', 'Xã Mỹ Thạnh Đông, Huyện Đức Huệ, Long An', 'Số 3, Đường Nguyễn Cơ Thạch, Phường An Lợi Đông, Thành phố Thủ Đức, Thành Phố Hồ Chí Minh, Thủ Đức', 'Lead Product Owner', 'IT Phần mềm', 'Toàn thời gian cố định', 'Cử nhân', '2 năm', 'Quản lí nhóm-giám sát', 18, 35, 'Khác', 1, 2, '2024-08-07', 20, 30, NULL, '<p><strong>1. Nội dung công việc</strong></p><ul><li>Kết hợp dữ liệu, nghiên cứu thị trường tìm các giải pháp mới và tối ưu nhất, hiểu rõ các vấn đề phát sinh liên quan đến sản phẩm hệ thống, dựa trên xu hướng thị trường và theo chiến lược kinh doanh.</li><li>Đưa ra kế hoạch tổng quát về các sản phẩm mới và kế hoạch để nâng cấp sản phẩm hiện có cũng như sửa lỗi</li><li>Theo dõi tiến độ và thúc đẩy nhân sự thực hiện đúng timeline</li><li>Phối hợp với các phòng ban nội bộ để phân loại/phân cấp người dùng và đưa ra được những sáng kiến giúp cải thiện chất lượng dịch vụ và quản lý các rủi ro liên quan đến sản phẩm hệ thống.</li><li>Trao đổi, làm việc và phân tích cùng các phòng ban liên quan để làm rõ các nhu cầu người dùng từ đó xem xét bổ sung, cải tiến hệ thống hiện tại. Thực hiện các yêu cầu về sản phẩm, phân tích và chia nhỏ với các tiêu chí rõ ràng.</li><li>Là cầu nối chính giữa các bộ phận khác nhau như lập trình, thiết kế, kiểm thử và quản lý dự án. Đảm bảo thông tin liên quan đến sản phẩm được truyền đạt một cách rõ ràng và hiệu quả.</li><li>Theo dõi hiệu suất của sản phẩm sau khi triển khai và đảm bảo đáp chất lượng yêu cầu và được điều chỉnh dựa trên phản hồi người dùng.</li><li>Quản lý tài nguyên và ưu tiên để đảm bảo rằng tất cả các yêu cầu được hỗ trợ một cách hiệu quả về chi phí và thời gian, đồng thời đảm bảo mức độ hài lòng của người dùng cao.</li><li>Tạo và duy trì tài liệu sản phẩm để đảm bảo việc giao tiếp hiệu quả với các bên phòng ban có liên quan trong dự án.</li><li>Quản lý và hỗ trợ các thành viên trong nhóm về việc xác định ưu tiên và phát triển sản phẩm.</li><li>Thực hiện báo cáo tiến độ theo kế hoạch đã đề ra</li></ul><p><strong>2. Thời gian làm việc:</strong> T2- T6 (Nghỉ T7 và CN)</p><p><strong>Buổi sáng:</strong> 8h30 - 12h00; <strong>Buổi chiều:</strong> 13h30 - 17h30</p><p><strong>3. Địa điểm làm việc:</strong></p><ul><li>HCM: Số 3, Đường Nguyễn Cơ Thạch, Phường An Lợi Đông, Thành phố Thủ Đức, Thành Phố Hồ Chí Minh </li></ul>', '<p><strong>1. Trình độ Học vấn</strong></p><ul><li>Tốt nghiệp Đại học trở lên</li></ul><p><strong>2. Kiến thức/ Chuyên môn Có Liên Quan</strong></p><ul><li>Chuyên môn về Project Manager, Product Owner, IT Business Analyst </li></ul><p><strong>3. Các Kỹ năng</strong></p><ul><li>Kỹ năng quản lý sắp xếp thời gian</li><li>Phát triển tốt các kỹ năng giao tiếp giữa các cá nhân, tư duy có tổ chức, cấu trúc, quyết định, chi tiết &amp; định hướng hành động</li><li>Kỹ năng quản lý đội nhóm </li><li>Hiểu biết tốt về quản lý và phát triển sản phẩm, và hệ thống</li><li>Kiến thức về app tài chính</li><li>Có kỹ năng làm việc với model Agile, Scrum</li></ul><p><strong>4. Các Kinh nghiệm liên quan</strong></p><ul><li>Tối thiểu 02 năm kinh nghiệm trong vị trí tương đương</li><li>Có kinh nghiệm làm việc với đối tác/ các bên liên quan để phát triển sản phẩm theo nhu cầu</li></ul><p><strong>5. Các yêu cầu khác</strong></p><ul><li>Khả năng chịu áp lực lớn</li><li>Kỹ năng giao tiếp tốt</li><li>Làm việc nhóm </li></ul>', '<ul><li>Môi trường làm việc trẻ trung, văn hóa doanh nghiệp hiện đại.</li><li>Làm việc tại công ty tài chính cá nhân hàng đầu Việt Nam.</li><li>Đội ngũ nhân viên trẻ trung, năng động, giá trị văn hóa công ty mang đến môi trường làm việc hòa đồng, các cấp lãnh đạo luôn lắng nghe và lấy “NHÂN VIÊN” làm trung tâm của sự phát triển công ty.</li><li>Cơ hội học hỏi, trải nghiệm và thăng tiến công bằng.</li><li>Chính sách đãi ngộ và thưởng cuối năm hấp dẫn (<em>F88 Bus, F88 My Day, F88 Happy Voucher, F88 Future Savings…).</em></li><li>Khám sức khỏe, du lịch hàng năm.</li><li>F88 care áp dụng với toàn bộ nhân viên với BH Chăm sóc sức khỏe PTI.</li></ul><p><br/> </p>', '2024-03-13 17:02:09.961652', '2024-04-23 01:58:50.379000', 0, 4, 0, 'Đã duyệt', NULL, ', sản phẩm hệ thống,  kế hoạch tổng quát,  cải thiện chất lượng dịch vụ,  quản lý các rủi ro,  nhu cầu người dùng,  cầu nối chính giữa,  hiệu suất của sản phẩm,  đáp chất lượng yêu cầu,  tài liệu sản phẩm,  giao tiếp hiệu quả,  thành viên trong nhóm, báo cáo tiến độ, trình độ học vấn, kỹ năng giao tiếp, kỹ năng quản lý đội nhóm, kiến thức về app tài chính, kỹ năng làm việc với model agile,  scrum, kinh nghiệm trong vị trí tương đương, có kinh nghiệm làm việc với đối tác/ các bên liên quan để phát triển sản phẩm theo nhu cầu', '0', 17),
(15, 'Ưng Thảo Nghi', 'employer3@gmail.com', '0962351757', 'Xã Mỹ Thạnh Đông, Huyện Đức Huệ, Long An', 'Tòa nhà N01A - 275 Nguyễn Trãi, Thanh Xuân, Hà Nội', 'Chuyên Viên Cao Cấp Đối Tác Học Tập', 'Giáo dục - Đào tạo', 'Toàn thời gian cố định', 'Thạc sĩ', '3 năm', 'Chuyên viên - nhân viên', 18, 44, 'Khác', 1, 3, '2024-09-07', 18, 25, NULL, '<p><strong>1. Nội dung công việc</strong></p><ul><li>Nghiên cứu và đề xuất các giải pháp học tập đào tạo đột phá nhằm nâng cao năng lực của cán bộ nhân viên F88.</li><li>Phối hợp thực thi các dự án học tập đào tạo nhằm nâng cao hiệu quả và hiệu suất lao động.</li><li>Cập nhật xu hướng thi trường, nghiên cứu các giải pháp học tập đào tạo mới nhằm gia tăng năng suất lao động, hiệu quả công việc.</li><li>Đề xuất, phát triển và triển khai các giải pháp học tập đào tạo mới dựa trên phân tích hiện trạng hoạt động của các Đơn vị.</li><li>Phân tích thông tin nhu cầu đào tạo hàng năm thông qua kế hoạch phát triển kinh doanh, các mục tiêu trọng điểm và các hoạt động chủ chốt của Ban Giám đốc, kế hoạch phát triển cá nhân có liên quan công việc (IDP), những nhu cầu phát triển năng lực chuyên môn theo nhu cầu từng đơn vị phục vụ cho nhu cầu kinh doanh.</li><li>Thực hiện các công việc khác theo phân công của Giám đốc Học viện, Trưởng Phòng.</li></ul><p><strong>2. Thời gian làm việc:</strong> T2- T6 (Nghỉ T7 và CN)</p><p><strong>Buổi sáng:</strong> 8h30 - 12h00; <strong>Buổi chiều:</strong> 13h30 - 17h30</p><p><strong>3. Địa điểm làm việc:</strong></p><ul><li>HCM: Số 3, Đường Nguyễn Cơ Thạch, Phường An Lợi Đông, Thành phố Thủ Đức, Thành Phố Hồ Chí Minh.</li><li>Hà Nội: Tòa nhà N01A - 275 Nguyễn Trãi, Thanh Xuân, Hà Nội. </li></ul>', '<p><strong>1. Trình độ Học vấn</strong></p><ul><li>Tốt nghiệp Đại học Chuyên ngành Kinh tế, Quản lý, Sư phạm.</li></ul><p><strong>2. Kiến thức/ Chuyên môn Có Liên Quan</strong></p><ul><li>Có kinh nghiệm quản lý đào tạo, giảng dạy tại doanh nghiệp hoặc cơ sở đào tạo.</li></ul><p><strong>3. Các Kỹ năng</strong></p><ul><li>Kỹ năng giao tiếp.</li><li>Kỹ năng làm việc nhóm.</li><li>Tin học văn phòng.</li></ul><p><strong>4. Các Kinh nghiệm liên quan</strong></p><ul><li>Tối thiểu 3 năm kinh nghiệm về phát triển và triển khai đào tạo.</li><li>Có kinh nghiệm giảng dạy và quản lý hoạt động đào tạo nội bộ doanh nghiệp. </li></ul>', '<ul><li>Môi trường làm việc trẻ trung, văn hóa doanh nghiệp hiện đại.</li><li>Làm việc tại công ty tài chính cá nhân hàng đầu Việt Nam.</li><li>Đội ngũ nhân viên trẻ trung, năng động, giá trị văn hóa công ty mang đến môi trường làm việc hòa đồng, các cấp lãnh đạo luôn lắng nghe và lấy “NHÂN VIÊN” làm trung tâm của sự phát triển công ty.</li><li>Cơ hội học hỏi, trải nghiệm và thăng tiến công bằng.</li><li>Chính sách đãi ngộ và thưởng cuối năm hấp dẫn (<em>F88 Bus, F88 My Day, F88 Happy Voucher, F88 Future Savings…).</em></li><li>Khám sức khỏe, du lịch hàng năm.</li><li>F88 care áp dụng với toàn bộ nhân viên với BH Chăm sóc sức khỏe PTI. </li></ul>', '2024-03-13 17:04:33.327021', '2024-04-23 01:59:12.701000', 0, 4, 0, 'Đã duyệt', NULL, ', [nâng cao năng lực,  3],  [hiệu quả và hiệu suất lao động,  2],  [giải pháp học tập đào tạo mới,  2],  [phân tích hiện trạng hoạt động,  1],  [thông qua kế hoạch phát triển kinh doanh,  1],  [các mục tiêu trọng điểm và các hoạt động chủ chốt của ban giám đốc,  1],  [kế hoạch phát triển cá nhân có liên quan công việc (idp),  1],  [những nhu cầu phát triển năng lực chuyên môn theo nhu cầu từng đơn vị phục vụ cho nhu cầu kinh doanh,  1],  [thời gian làm việc,  1] , [buổi sáng: 8h30 - 12h00 buổi chiều: 13h30 -17h30 , 1] ', '0', 17),
(16, 'Ưng Thảo Nghi', 'employer3@gmail.com', '0962351757', 'Xã Mỹ Thạnh Đông, Huyện Đức Huệ, Long An', 'Số 3, Đường Nguyễn Cơ Thạch, Phường An Lợi Đông, Thành phố Thủ Đức, Thành Phố Hồ Chí Minh', 'Chuyên Viên Chính Vận Hành Nghiệp Vụ', 'IT Phần mềm', 'Toàn thời gian cố định', 'Cao đẳng', '2 năm', 'Chuyên viên - nhân viên', 17, 50, 'Khác', 3, 2, '2024-06-06', 12, 17, NULL, '<p><strong>1. Nội dung công việc:</strong></p><ul><li>Phối hợp Trung tâm CNTT để triển khai các dự án tối ưu hóa hệ thống vận hành nhằm đáp ứng nhu cầu phát triển kinh doanh.</li><li>Đề xuất các sáng kiến tự động hóa báo cáo phục vụ kiểm soát sau vay và phối hợp triển khai với các bên liên quan.</li><li>Phối hợp với Trung tâm CNTT kiểm tra các tính năng mới trước khi chính thức triển khai.</li><li>Trực tiếp xây dựng các tài liệu hướng dẫn tính năng mới của hệ thống cho các bên liên quan.</li><li>Thực hiện rà soát lại các thông tin được nhập tại bước nhập liệu sơ bộ và nhập liệu chi tiết trên hệ thống khởi tạo khoản vay theo quy định từng thời kỳ.</li><li>Hỗ trợ xử lý các các công việc hàng ngày của phòng.</li></ul><p><strong>2. Thời gian làm việc: T2- T6 (Nghỉ T7 và CN)</strong></p><ul><li><strong>Buổi sáng: </strong>8h30 - 12h00</li><li><strong>Buổi chiều: </strong>13h30 - 17h30</li></ul><p><strong>3. Địa điểm làm việc:</strong></p><ul><li>HCM: Số 3, Đường Nguyễn Cơ Thạch, Phường An Lợi Đông, Thành phố Thủ Đức, Thành Phố Hồ Chí Minh </li></ul>', '<p><strong>1. Trình độ Học vấn</strong></p><ul><li>Tốt nghiệp Cao đẳng/Đại học.</li></ul><p><strong>2. Kiến thức/ Chuyên môn có liên quan</strong></p><ul><li> Hiểu biết về cách vận hành của hệ thống phục vụ kinh doanh.</li><li>Có kiến thức, chuyên môn lĩnh vực tài chính.</li><li>Ưu tiên người có kinh nghiệm làm việc ở mảng nghiệp vụ, vận hành.</li></ul><p><strong>3. Các kỹ năng</strong></p><ul><li>Có khả năng viết tài liệu, quy trình hướng dẫn.</li><li>Khả năng sử dụng tốt Excel và MS Office thành thạo, thao tác nhanh.</li><li>Có khả năng làm việc độc lập và khả năng làm việc nhóm tốt.</li><li>Có khả năng giao tiếp, tương tác với các phòng ban, đối tác có liên quan.</li></ul><p><strong>4. Các kinh nghiệm liên quan</strong></p><ul><li> Tối thiểu 01 năm kinh nghiệm làm trong lĩnh lực tương đương.</li></ul><p><strong>5. Các yêu cầu khác</strong></p><ul><li> Cẩn thận</li><li> Tinh thần trách nhiệm cao</li><li> Luôn hướng đến khách hàng</li><li> Trung thực </li></ul>', '<ul><li>Môi trường làm việc trẻ trung, văn hóa doanh nghiệp hiện đại.</li><li>Làm việc tại công ty tài chính cá nhân hàng đầu Việt Nam.</li><li>Đội ngũ nhân viên trẻ trung, năng động, giá trị văn hóa công ty mang đến môi trường làm việc hòa đồng, các cấp lãnh đạo luôn lắng nghe và lấy “NHÂN VIÊN” làm trung tâm của sự phát triển công ty.</li><li>Cơ hội học hỏi, trải nghiệm và thăng tiến công bằng.</li><li>Chính sách đãi ngộ và thưởng cuối năm hấp dẫn (<em>F88 Bus, F88 My Day, F88 Happy Voucher, F88 Future Savings…).</em></li><li>Khám sức khỏe, du lịch hàng năm.</li><li>F88 care áp dụng với toàn bộ nhân viên với BH Chăm sóc sức khỏe PTI. </li></ul>', '2024-03-13 17:09:10.824493', '2024-04-23 01:59:58.082000', 0, 4, 0, 'Đã duyệt', NULL, ', hệ thống vận hành,  trung tâm cntt,  các tính năng mới,  xây dựng tài liệu hướng dẫn,  thông tin nhập liệu,  khoản vay,  thời gian làm việc,  địa điểm làm việc,  trình độ học vấn,  kiến thức chuyên môn,  lĩnh vực tài chính,  kinh nghiệm làm việc,  kỹ năng viết tài liệu, quy trình hướng dẫn, excel và ms office, làm việc độc lập, làm việc nhóm, giao tiếp, phòng ban, đối tác liên quan', '0', 17),
(22, 'Lý Văn Bảo', 'employer5@gmail.com', '0962351757', 'Bình Chánh, TP.HCM', 'VUS Hòa Bình - 45B Hòa Bình, Tân Phú, TPHCM', 'Nhân Viên Tư Vấn Qua Điện Thoại', 'Chăm sóc khách hàng', 'Toàn thời gian cố định', 'Trung cấp', 'Dưới 1 năm', 'Chuyên viên - nhân viên', 20, 30, 'Nữ', 5, 2, '2024-12-20', 7, 10, NULL, '<p>Làm việc tại Văn phòng Telemarketing - VUS Hòa Bình, Quận Tân Phú (gần Đầm Sen)</p><p><br/></p><p>- Tiếp nhận cuộc gọi vào VUS hoặc gọi điện cho khách hàng để tìm hiểu nhu cầu học Anh ngữ.</p><p>- Tư vấn các khóa học phù hợp với nhu cầu của khách hàng, sắp xếp cuộc gặp giữa khách hàng và bộ phận tuyển sinh.</p><p>- Theo dõi và ghi nhận nhu cầu của khách, theo dõi tình trạng khách cho đến khi khách đến cơ sở nhận tư vấn trực tiếp.</p><p>- Chăm sóc khách hàng tiềm năng bằng điện thoại, email và SMS đồng thời theo dõi tình trạng khách hàng đến khi khách hàng đến cơ sở nhận tư vấn trực tiếp từ nhân viên tuyển sinh, đảm bảo kết quả công việc đạt chỉ tiêu KPI đề ra.</p><p>- Sắp xếp cuộc hẹn giữa khách hàng và bộ phận tuyển sinh ASA.</p><p>- Báo cáo, cập nhật, thống kê dữ liệu về khách hàng inbound, outbound</p><p>- Thực hiện những nhiệm vụ khác theo như sắp xếp của quản lý. </p>', '<p><strong>- Nam/Nữ từ 20 - 30 tuổi</strong></p><p>- Tốt nghiệp Cao đẳng, Đại học (open cho THPT nếu có kinh nghiệm)</p><p>- Yêu thích công việc tư vấn, kỹ năng thuyết phục tốt, giọng nói chuẩn, rõ ràng, truyền cảm.</p><p>- Nhiệt huyết, đam mê học hỏi, “làm hết sức chơi hết mình”.</p><p>- Mang tinh thần dịch vụ khách hàng, tư duy sẵn sàng đổi mới.</p><p>- Khả năng làm việc độc lập và theo đội nhóm.</p><p>- Khả năng làm việc với áp lực.</p><p><strong>- Có kinh nghiệm trong lĩnh tư vấn, telesale, bán hàng là 1 lợi thế.</strong></p><p>- Thời gian làm việc theo giờ hành chính (Toàn thời gian 44h/tuần). </p>', '<p>- Nhận 100% lương trong 02 tháng thử việc</p><p>- Học bổng tiếng Anh 60% dành nhân viên và 50% dành người thân</p><p>- Đóng đầy đủ BH theo luật nhà nước</p><p>- 12 ngày phép/năm</p><p>- Lộ trình thăng tiến rõ ràng </p>', '2024-04-01 00:51:50.620383', '2024-04-23 02:01:13.532000', 0, 4, 0, 'Đã duyệt', NULL, ', tư vấn,  khách hàng,  nhu cầu,  tuyển sinh,  cơ sở,  kết quả công việc,  asa,  báo cáo,  thống kê dữ liệu,  inbound,  outbound, quản lý, tuổi, cao đẳng, đại học, open cho thpt, kinh nghiệm, dịch vụ khách hàng', '0', 18),
(23, 'Lý Văn Bảo', 'employer5@gmail.com', '0962351757', 'Bình Chánh, TP.HCM', 'VUS Hòa Bình - 45B Hòa Bình, Tân Phú, TPHCM', 'Nhân Viên Tư Vấn Qua Điện Thoại', 'Chăm sóc khách hàng', 'Toàn thời gian cố định', 'Trung cấp', 'Dưới 1 năm', 'Chuyên viên - nhân viên', 20, 30, 'Nữ', 5, 2, '2024-12-20', 7, 10, NULL, '<p>Làm việc tại Văn phòng Telemarketing - VUS Hòa Bình, Quận Tân Phú (gần Đầm Sen)</p><p><br/></p><p>- Tiếp nhận cuộc gọi vào VUS hoặc gọi điện cho khách hàng để tìm hiểu nhu cầu học Anh ngữ.</p><p>- Tư vấn các khóa học phù hợp với nhu cầu của khách hàng, sắp xếp cuộc gặp giữa khách hàng và bộ phận tuyển sinh.</p><p>- Theo dõi và ghi nhận nhu cầu của khách, theo dõi tình trạng khách cho đến khi khách đến cơ sở nhận tư vấn trực tiếp.</p><p>- Chăm sóc khách hàng tiềm năng bằng điện thoại, email và SMS đồng thời theo dõi tình trạng khách hàng đến khi khách hàng đến cơ sở nhận tư vấn trực tiếp từ nhân viên tuyển sinh, đảm bảo kết quả công việc đạt chỉ tiêu KPI đề ra.</p><p>- Sắp xếp cuộc hẹn giữa khách hàng và bộ phận tuyển sinh ASA.</p><p>- Báo cáo, cập nhật, thống kê dữ liệu về khách hàng inbound, outbound</p><p>- Thực hiện những nhiệm vụ khác theo như sắp xếp của quản lý. </p>', '<p><strong>- Nam/Nữ từ 20 - 30 tuổi</strong></p><p>- Tốt nghiệp Cao đẳng, Đại học (open cho THPT nếu có kinh nghiệm)</p><p>- Yêu thích công việc tư vấn, kỹ năng thuyết phục tốt, giọng nói chuẩn, rõ ràng, truyền cảm.</p><p>- Nhiệt huyết, đam mê học hỏi, “làm hết sức chơi hết mình”.</p><p>- Mang tinh thần dịch vụ khách hàng, tư duy sẵn sàng đổi mới.</p><p>- Khả năng làm việc độc lập và theo đội nhóm.</p><p>- Khả năng làm việc với áp lực.</p><p><strong>- Có kinh nghiệm trong lĩnh tư vấn, telesale, bán hàng là 1 lợi thế.</strong></p><p>- Thời gian làm việc theo giờ hành chính (Toàn thời gian 44h/tuần). </p>', '<p>- Nhận 100% lương trong 02 tháng thử việc</p><p>- Học bổng tiếng Anh 60% dành nhân viên và 50% dành người thân</p><p>- Đóng đầy đủ BH theo luật nhà nước</p><p>- 12 ngày phép/năm</p><p>- Lộ trình thăng tiến rõ ràng </p>', '2024-04-05 00:51:51.059152', '2024-04-23 02:01:21.503000', 0, 3, 0, 'Đã duyệt', NULL, ', tư vấn,  khách hàng,  nhu cầu,  tuyển sinh,  cơ sở,  kết quả công việc,  asa,  báo cáo,  thống kê dữ liệu,  inbound,  outbound, quản lý, tuổi, cao đẳng, đại học, thpt, kinh nghiệm, lĩnh tư vấn', '0', 18),
(24, 'Lý Văn Bảo', 'employer5@gmail.com', '0962351757', 'HCM', 'Nguyễn Duy Trinh, Quận 2, Thủ Đức, TP.HCM', '[HCM, Bình Dương] Nhân Viên Bảo Vệ', 'An ninh - Bảo vệ', 'Toàn thời gian cố định', 'Trung học', 'Dưới 1 năm', 'Chuyên viên - nhân viên', 18, 45, 'Nam', 50, 4, '2024-11-20', 6, 8, NULL, '<p>- Chào đón - hướng dẫn khách hàng ra vào cơ sở</p><p>- Quan sát và đảm bảo anh ninh cho học viên, phụ huynh và các phòng ban</p><p>- Giám sát việc xuất, nhập các tài sản của cơ sở</p><p>- Kiểm tra các thiêt bị lớp học- hành lang</p><p>- Kiểm tra các thiết bị đã được đóng, tắt trước giờ giao ca.</p><p>- Giám sát công tác vệ sinh trước, trong, sau giờ học</p><p>- Thực hiện công tác an toàn phòng cháy chữa cháy.</p><p>- Hỗ trợ giáo viên hoặc học viên khi cần hỗ trợ </p>', '<p>- Tuổi từ 18 đến 45</p><p>- Có thể làm việc linh động theo ca</p><p>- Giao tiếp hòa nhã, Thái độ tốt, trung thực, tính kỷ luật cao</p><p>- Có kinh nghiệm ở vị trí Bảo vệ hoặc là Bộ đội xuất ngũ là một lợi thế </p>', '<p>- Thu nhập 6-8 Triệu (trao đổi cụ thể khi phòng vấn)</p><p>- Trả lương trọn tháng. Không nợ lương/giam lương.</p><p>- Nhân 100% lương trong thời gian thử việc.</p><p>- Môi trường làm việc sạch sẽ, chuyên nghiệp.</p><p>- Làm việc theo ca 8 tiếng/ngày (Sáng hoặc Chiều ) - Không trực đêm.</p><p>- Được hưởng bảo hiểm tai nạn 24 / 24.</p><p>- Được Công ty đóng 100% các khoản bảo hiểm theo quy định của pháp luật, BHXH, BHYT, BHTN.</p><p>- Phụ cấp tiền cơm, được phụ cấp khi làm thêm giờ.</p><p>- Được cấp đồng phục miễn phí.</p><p>- Chế độ lương thưởng hấp dẫn, tăng lương hằng năm, thưởng tết tháng 13, thưởng cuối năm.</p><p>- Được đào tạo bài bản cho toàn bộ nhân viên. </p>', '2023-11-25 02:38:04.571820', '2024-04-23 02:01:35.202000', 0, 3, 0, 'Đã duyệt', NULL, ',  hướng dẫn khách hàng,  đảm bảo an ninh,  giám sát việc xuất nhập,  kiểm tra thiết bị lớp học,  kiểm tra thiết bị đóng tắt,  giám sát công tác vệ sinh,  an toàn phòng cháy chữa cháy,  hỗ trợ giáo viên học viên, tuổi từ 18 đến 45, làm việc linh động theo ca, giao tiếp hòa nhã, thái độ tốt, trung thực, tính kỷ luật cao, có kinh nghiệm vị trí bảo vệ, bộ đội xuất ngũ', '0', 18),
(25, 'Lý Văn Bảo', 'employer5@gmail.com', '0962351757', 'HCM', ' Làm việc tại KV phụ trách, Quận 1, TP.HCM', 'Direct Marketing Supervior (Giám Sát Tiếp Thị Trực Tiếp)', 'Marketing', 'Toàn thời gian cố định', 'Cao đẳng', '1 năm', 'Chuyên viên - nhân viên', 22, 28, 'Khác', 2, 2, '2024-10-20', 9, 12, NULL, '<p>- Quản lý, theo dõi và đôn đốc nhóm nhỏ Direct Sales Agent (4-6 agent) thực hiện theo đúng các triển khai của quản lý.</p><p>- Tìm kiếm, tuyển dụng ứng viên chính thực/ Cộng tác viên. Đảm bảo nhân sự đủ trong team.</p><p>- Đào tạo nhân viên sử dụng phần mềm nhập lead, kĩ năng tư vấn KH và kĩ năng sales.</p><p>- Báo cáo mỗi ngày về tình hình tại các điểm làm được phân công phụ trách và kết quả thực hiện công việc cho Team Leader ( thuận lợi hay khó khăn, khách hàng…)</p><p>- Đảm bảo nhân viên làm việc theo đúng điểm và thời gian quy định (Kiểm tra đồng phục, tác phong, lượng POSM sử dụng, quầy kệ (booth) gọn gàng, sạch sẽ. Đánh giá tổng quan điểm làm.</p><p>- Đảm bảo số lượng &amp; chất lượng của nhóm về lead và về kỹ năng tư vấn của Direct Sales Agent</p><p>- Đánh giá nhân viên tại điểm làm? (cần training lại hoặc nhân viên có vấn đề khó khăn đặc biệt nào không)</p><p>- Nắm vững kiến thức về sản phẩm để giải thích cho khách hàng, thuyết phục, tư vấn được cho khách hàng.</p><p>- Quản lý số lượng POSM cho team theo tuần. Chuẩn bị POSM cho từng khu vực phụ trách. Phân phối POSM cho từng khu vực. Kiểm tra và cập nhật kho POSM.</p><p>- Tìm kiếm, phát triển mảng quan hệ đối tác để kéo thêm nhiều nguồn data Khách Hàng</p><p>- Chủ động đề xuất các hoạt động tiếp thị trực tiếp hiệu quả và chương trình khuyến mãi phù hợp</p><p>- Kiểm tra về đối thủ cạnh tranh, chương trình ưu đãi</p><p>- Hỗ trợ tìm thêm các điểm làm việc mới.  </p>', '<p>- Tốt nghiệp Cao Đẳng trở lên</p><p>- Trên 1 năm làm việc trong lĩnh vực trade marketing/Direct Marketing, có ngoại hình và hiểu thị trường giáo dục là một lợi thế. Ưu tiên ứng viên có kinh nghiệm quản lý PG/PB, sale thị trường</p><p>- Năng động, nhanh nhẹn, chăm chỉ, hòa đồng. Khả năng giám sát công việc thêm vào cuối tuần.</p><p>- Thành thạo các phần mềm văn phòng.</p><p>-Khác:</p><p>+ Sẵn sàng làm việc thời gian linh động</p><p>+Sáng tạo, năng động, có chí tiến thủ, ngoại giao tốt có kỹ năng tiếp cận, thuyết phục. Đàm phán tốt</p><p>+Quản lý nhóm, Bán hàng trực tiếp, Marketing</p><p>+Khả năng giám sát &amp; báo cáo </p>', '<p>- Mức lương thưởng cạnh tranh, tương xứng với năng lực.</p><p>- Trả lương đầy đủ, đúng hạn.</p><p>- Hưởng lương 100% trong thời gian thử việc.</p><p>- BHXH, BHYT, BHTN và Thuế TNCN đóng 100% trên lương NET</p><p>- Gói khám sức khỏe chuẩn quốc tế, BHTN 24/7.</p><p>- Học bổng VUS cho bản thân và người thân với mức ưu đãi cao, không giới hạn khóa học.</p><p>- Nhiều chương trình đào tạo, hoạt động nội bộ thú vị dành riêng cho nhân viên được tổ chức thường xuyên. </p>', '2023-10-26 02:40:22.648656', '2024-04-23 02:05:14.838000', 0, 6, 0, 'Đã duyệt', NULL, ', quản lý,  direct sales agent,  tuyển dụng ứng viên,  đào tạo nhân viên,  báo cáo mỗi ngày,  đảm bảo nhân viên làm việc theo đúng điểm và thời gian quy định,  số lượng  chất lượng của nhóm về lead và về kỹ năng tư vấn của direct sales agent,  đánh giá nhân viên tại điểm làm?,  nắm vững kiến thức về sản phẩm để giải thích cho khách hàng,  thuyết phục,  tư vấn được cho khách hàng,  quản lý số lượng posm cho team theo tuần,  tìm kiếm,  phát triển mảng quan hệ đối tác để kéo thêm nhiều nguồn data khách hàng,  chủ động đề xuất các hoạt động tiếp thị trực tiếp hiệu quả và chương trình khuyến mãi phù hợp,  kiểm tra về đối thủ cạnh tranh,  chương trình ưu đãi, hỗ trợ tìm thêm các điểm làm việc mới, cao đẳng, trade marketing/direct marketing', '0', 18);
INSERT INTO `job_posting` (`postId`, `name`, `email`, `phone`, `contactAddress`, `workAddress`, `jobTitle`, `profession`, `employmentType`, `degree`, `experience`, `positionLevel`, `minAge`, `maxAge`, `sex`, `numberOfVacancies`, `trialPeriod`, `applicationDeadline`, `minSalary`, `maxSalary`, `skills`, `jobDescription`, `jobRequirements`, `benefits`, `createAt`, `updateAt`, `submissionCount`, `view`, `isHidden`, `status`, `requiredSkills`, `keywords`, `check`, `employerUserId`) VALUES
(26, 'Lý Văn Bảo', 'employer5@gmail.com', '0962351757', 'TpHCM', ' Nguyễn Kiệm, Gò Vấp, TP.HCM', '[HCM] Nhân Viên Bảo Trì', 'Điện - Điện tử - Điện lạnh', 'Toàn thời gian cố định', 'Trung cấp', '1 năm', 'Chuyên viên - nhân viên', NULL, NULL, 'Nam', 5, 2, '2024-12-20', 7, 9, NULL, '<p><strong>Công tác kỹ thuật:</strong></p><p>- Thực hiện công tác kiểm tra định kỳ tất cả các hệ thống kỹ thuật trong tòa nhà.</p><p>- Thực hiện sửa chữa và xử lý các tình huống liên quan phát sinh trong quá trình vận hành của tòa nhà đối với tất cả các hệ thống và cơ sở vật chất.</p><p>- Phối hợp và theo dõi công việc của nhà thầu khi vào tòa nhà để bảo trì và sửa chữa các hệ thống kỹ thuật.</p><p>- Chủ động đề xuất giải pháp, góp phần tối ưu vận hành và tiết kiệm chi phí.</p><p>- Mua sắm và bảo quản thiết bị, vật tư, dụng cụ để sửa chữa sự cố phát sinh.</p><p>- Phối hợp và hỗ trợ.</p><p>- Chuyển giao hàng hóa, chứng từ đến văn phòng trung tâm, cơ sở khác theo lịch định kỳ hoặc phát sinh theo điều động của Giám sát Dịch vụ Học đường và Tuân thủ.</p><p>- Hỗ trợ bảo vệ trực thang máy, phân luồng giao thông, sắp xếp xe cho phụ huynh.</p><p>- Hỗ trợ các bộ phận khác khi có sự yêu cầu của Giám sát Dịch vụ Học đường và Tuân thủ.</p><p><strong>Báo cáo:</strong></p><p>- Thực hiện các báo cáo công việc hàng ngày, hàng tuần theo yêu cầu. </p>', '<p>- Trình độ học vấn: Trung cấp nghề/ Cao đẳng nghề Cơ Điện Lạnh hoặc kỹ thuật.</p><p>- Kỹ năng: Sửa chữa, xây dựng, IT căn bản.</p><p>- Phẩm chất: Trung thực, chăm chỉ, tiết kiệm và chi tiết.</p><p>- Tác phong: Nhanh nhẹn, năng động, tinh thần trách nhiệm cao.</p><p>- Thái độ: Ân cần, niềm nở, sẳn sàng phục vụ.</p><p>- Yêu cầu khác: Làm việc theo ca (48h/ tuần, bắt buộc ca tối và các ngày cuối tuần). </p>', '<p>- Trả lương trọn tháng. Không nợ lương/ giam lương.</p><p>- Nhân 100% lương trong thời gian thử việc.</p><p>- Môi trường làm việc sạch sẽ, chuyên nghiệp.</p><p>- Làm việc theo ca 8 tiếng/ngày (Sáng hoặc Chiều ) - Không trực đêm.</p><p>- Được hưởng bảo hiểm tai nạn 24 / 24.</p><p>- Được Công ty đóng 100% các khoản bảo hiểm theo quy định của pháp luật, BHXH, BHYT, BHTN.</p><p>- Phụ cấp tiền cơm, được phụ cấp khi làm thêm giờ.</p><p>- Được cấp đồng phục miễn phí.</p><p>- Chế độ lương thưởng hấp dẫn, tăng lương hằng năm, thưởng tết tháng 13, thưởng cuối năm.</p><p>- Được đào tạo bài bản cho toàn bộ nhân viên. </p>', '2023-09-30 14:15:43.455193', '2024-04-23 02:05:22.587000', 0, 4, 0, 'Đã duyệt', NULL, ', công tác kỹ thuật,  thực hiện công tác kiểm tra,  hệ thống kỹ thuật,  tòa nhà,  sửa chữa và xử lý,  tình huống liên quan phát sinh,  quá trình vận hành của tòa nhà,  cơ sở vật chất,  phối hợp và theo dõi công việc của nhà thầu,  bảo trì và sửa chữa các hệ thống kỹ thuật, đề xuất giải pháp, góp phần tối ưu vận hành, tiết kiệm chi phí, mua sắm và bảo quản thiết bị,  vật tư,  dụng cụ để sửa chữa sự cố phát sinh, hỗ trợ bảo vệ trực thang máy, phân luồng giao thông, sắp xếp xe cho phụ huynh, các báo cáo công việc hàng ngày', '0', 18),
(27, 'Lý Văn Bảo', 'employer5@gmail.com', '0962351757', 'TpHCm', 'Đà Nẵng', 'Chuyên Viên Marketing - Đà Nẵng', 'Marketing', 'Toàn thời gian cố định', 'Cao đẳng', '1 năm', 'Chuyên viên - nhân viên', NULL, NULL, 'Khác', 1, 0, '2024-12-20', 10, 12, NULL, '<ul><li>Hỗ trợ Direct Marketing Manager đề xuất, lên kế hoạch, lập ngân sách các hoạt động Direct marketing (DMK) cho thị trường phụ trách phù hợp với chiến lược marketing chung và KPI của Công ty.</li><li>Phối hợp với Trung tâm, các đơn vị đối tác để tìm kiếm cơ hội hợp tác, tổ chức các sự kiện thực hiện chương trình DMK nhằm tăng lượng học viên nguồn và nhận diện thương hiệu.</li><li>Xây dựng, đào tạo và quản lý đội ngũ nhân viên DMK Agent tại tỉnh thành phụ trách đảm bảo KPI đã đề ra.</li><li>Quản lý và phát triển bộ tài liệu bán hàng và kịch bản bán hàng trực tiếp cho nhân viên DMK. </li><li>Phân bổ KPI cho các kênh, lập báo cáo và đánh giá hoạt động DMK đã thực hiện cho từng thị trường.</li><li>Khảo sát thị trường và phân tích kết quả công việc theo tuần/ tháng/ quý để đề xuất cách nâng hiệu quả công việc.</li><li>Giám sát chặt chẽ chất lượng công việc các nhân viên DMK. </li></ul><p><br/> </p>', '<p>- Cử nhân chuyên ngành marketing, quản trị kinh doanh, truyền thông hoặc liên quan.</p><p>- Từ 01-02 năm làm việc trong lĩnh vực trade marketing. Có kinh nghiệm trong công tác sales, direct marketing, có ngoại hình và hiểu thị trường giáo dục là một lợi thế. Ưu tiên ứng viên có kinh nghiệm về thương mại và liên kết chặt chẽ với các cơ sở giáo dục.</p><p>- Ham học hỏi, năng nổ, nhiệt tình, linh hoạt, năng động, cởi mở, làm việc nhóm, chủ động trong công việc.</p><p>- Thành thạo các phần mềm văn phòng.</p><p>- Khác: Sẵn sàng đi thực địa và công tác ngoài giờ (ngày lễ/ cuối tuần/ buổi chiều tối). </p><p><br/> </p>', '<p>- Được hưởng bảo hiểm tai nạn 24/24</p><p>- Được Công ty đóng các khoản bảo hiểm theo quy định của pháp luật, BHXH, BHYT, BHTN</p><p>- Phụ cấp tiền cơm</p><p>- Được cấp đồng phục miễn phí</p><p>- Chế độ tăng lương hàng năm</p><p>- Chế độ lương thưởng hấp dẫn, thưởng tết tháng 13, thưởng cuối năm, phụ cấp làm thêm giờ.</p><p>- Được đào tạo bài bản cho toàn bộ nhân viên<br/> </p>', '2023-10-24 14:18:20.242578', '2024-04-23 02:05:29.014000', 0, 7, 0, 'Đã duyệt', 'Có kĩ năng thuyết trình tốt, giao tiếp tiếng anh, năng động trong công việc', 'Có kĩ năng thuyết trình tốt, giao tiếp tiếng anh, năng động trong công việc, direct marketing manager,  kế hoạch,  ngân sách,  hoạt động direct marketing,  chiến lược marketing chung,  kpi của công ty,  trung tâm,  đơn vị đối tác,  cơ hội hợp tác,  sự kiện thực hiện chương trình dmk,  lượng học viên nguồn, nhận diện thương hiệu, xây dựng, đào tạo, quản lý đội ngũ nhân viên dmk agent, kpi đã đề ra, bộ tài liệu bán hàng, kịch bản bán hàng trực tiếp, các kênh, báo cáo và đánh giá hoạt động dmk', '0', 18),
(28, 'Lê Quang Đạt', 'employer4@gmail.com', '0962351757', 'Xã Bình Chương, Huyện Bình Sơn, Quảng Ngãi', '77 Điện Biên Phủ, P.Đa Kao, Quận 1, TP.HCM', 'Junior Back-End Developer (Java Or Golang) - Full Time - Kinh Nghiệm 2 Năm', 'IT Phần mềm', 'Toàn thời gian cố định', 'Cử nhân', '2 năm', 'Chuyên viên - nhân viên', 18, 50, 'Nam', 1, 0, '2024-08-20', 15, 20, NULL, '<ul><li>Collaborate closely with engineers and designers to gain a thorough understanding of requirements, give feedback, and clarify any confusion as needed.</li><li>Develop and deliver software in a Continuous Integration/Continuous Deployment environment.</li><li>Conduct research and suggest solutions for existing systems.</li><li>Participate in code reviews and offer support to other team members.</li><li>Conduct a variety of tests including functional, performance, and security tests.</li><li>Create and maintain comprehensive documentation.</li><li>Monitor systems to ensure optimal performance.</li><li>Stay up-to-date with the latest software and libraries, and make updates as needed.</li><li>Regularly report progress to the team leader. </li></ul>', '<p>Essential Qualifications:</p><ul><li>Bachelor&#x27;s degree in Computer Science or a related field.</li><li>Strong programming skills, including experience in Java and Spring Boot.</li><li>Knowledge of object-oriented programming and algorithms/data structures.</li><li>Familiarity with web technologies and Java, Golang or VueJS, NuxtJS</li><li>Experience with SQL and relational databases.</li><li>Proficiency in version control systems, such as Git.</li><li>Excellent teamwork skills, including the ability to explain, report, discuss, and propose solutions at all levels.</li><li>Capability to review and enhance the source code of others.</li><li>Ability to quickly adapt to new technologies.</li></ul><p><br/></p><p>Desirable Qualifications:</p><ul><li>Strong analytical and problem-solving skills.</li><li>Ability to read and understand English technical documents.</li><li>Proficiency in a foreign language.</li><li>Good English communication skills, with a primary level of proficiency.</li><li>Proficiency in Japanese is a plus. </li></ul>', '<ul><li>Company&#x27;s benefit policy.</li><li>Teambuilding, company trip.</li><li>Salary review: once a year.</li><li>13rd month salary.</li><li>Working model: hybrid. </li></ul>', '2024-04-19 21:10:56.570289', '2024-04-23 03:18:42.772000', 0, 18, 0, 'Đã duyệt', 'Strong analytical and pro, Good English communicatio, Java, golang, Vue.js, nuxtjs', 'Strong analytical and pro, Good English communicatio, Java, golang, Vue.js, nuxtjs, software,  continuous integration,  continuous deployment,  code reviews,  functional tests,  performance tests,  security tests,  documentation,  monitor systems,  latest software and libraries,  team leader,  bachelors degree in computer science, programming skills, java, spring boot, object-oriented programming, algorithms/data structures, web technologies, golang or vuejs,  nuxtjs', '0', 19),
(29, 'Lê Quang Đạt', 'employer4@gmail.com', '0962351757', 'Xã Bình Chương, Huyện Bình Sơn, Quảng Ngãi', 'Số 4, ngõ 95 Hoàng Cầu, Đống Đa, Hà Nội', 'Fresher Python - Full-Time', 'IT Phần mềm', 'Toàn thời gian cố định', 'Cử nhân', 'Chưa có kinh nghiệm', 'Chuyên viên - nhân viên', 18, 35, 'Nam', 2, 1, '2024-10-15', 8, 15, NULL, '<ul><li>Tiếp nhận yêu cầu, xử lý các sự cố trên website học tập của IZONE từ người dùng, phòng ban, lớp học;</li><li>Tham gia xây dựng và phát triển nền tảng học tập trực tuyến. </li></ul>', '<ul><li>Backend: Thành thạo lập trình Python, framework Django…;</li><li>Database: MySQL;</li><li>Có kỹ năng giao tiếp, làm việc nhóm là một lợi thế;</li><li>Ưu tiên ứng viên có khả năng chịu đựng được áp lực cao, tinh thần xử lý công việc trong mọi thời điểm;</li><li>Sử dụng laptop cá nhân. </li></ul>', '<ul><li><strong>Tổng thu nhập từ 8.000.000 đến trên 15.000.000 VNĐ/tháng;</strong></li><li>Được tham gia đóng BHXH, BHYT theo quy định;</li><li>Được học IELTS miễn phí tại IZONE, tổng giá trị các khóa học lên tới 40.500.000 VNĐ;</li><li>Môi trường làm việc cầu tiến, hướng đến sự công bằng; đồng nghiệp luôn sẵn sàng hỗ trợ.  </li></ul>', '2024-04-19 21:15:26.131838', '2024-04-23 03:18:30.245000', 0, 21, 0, 'Đã duyệt', 'mysql, Python, Django', 'mysql, Python, Django, website học tập,  izone,  sự cố,  phòng ban,  lớp học,  nền tảng học tập trực tuyến,  backend,  lập trình python,  framework django,  database mysql,  kỹ năng giao tiếp,  làm việc nhóm,  ứng viên, khả năng chịu đựng áp lực cao, tinh thần xử lý công việc, thời điểm, laptop cá nhân', '0', 19),
(102, 'Khưu Vĩ Lương', 'viluong6457@gmail.com', '0812345678', '59 Lê Văn Lương - xã Phước Kiển, Nhà Bè', 'TP.HCM, 59 Lê Văn Lương - xã Phước Kiển, Nhà Bè', 'Phó Giám Đốc Chi Nhánh Miền Nam, TPHCM, Giám Đốc Chi Nhánh Miền Nam, TPHCM,  CEO Chi Nhánh Miền Nam, TPHCM', 'Hành chính - Thư ký, Marketing, Bán hàng - Kinh doanh', 'Toàn thời gian cố định', 'Trung cấp', '1 năm', 'Quản lí cấp cao', 24, 35, NULL, 2, 3, '2025-02-01', 14, 25, NULL, '<p>- Lập và triển khai kế hoạch bán hàng, triển khai chính sách bán hàng, tổ chức thực hiện, kiểm soát và đánh giá kết quả thực hiện.</p><p>- Lập và triển khai hoạch phát triển thị phần, xây dựng kênh phân phối, triển khai kế hoạch marketing. Tổ chức khảo sát, thu thập thông tin thị trường, phân tích đánh giá thông tin thị trường, xây dựng chương trình bán hàng nhằm nâng cao hiệu quả kinh doanh, phân tích, đánh giá hiệu quả kinh doanh của từng chương trình.</p><p>- Lên kế hoạch , triển khai, thực hiện các hoạt động tri ân, chăm sóc khách hàng. Phân tích, báo cáo kết quả thực hiện.</p><p>- Xây dựng kế hoạch nhân sự, tham gia tuyển dụng, đào tạo, giao việc và đánh giá kết quả thực hiện nhiệm vụ của nhân viên, đề xuất khen thưởng nhân viên.</p><p>- Thực hiện các nhiệm vụ khác theo sự phân công của Giám đốc chi nhánh.</p>', '<p>1. Giới tính: Nam/Nữ</p><p>2. Tuổi: từ 30 trở lên</p><p>3. Trình độ chuyên môn: Đại học Y dược, kinh tế, marketing</p><p>4. Kinh nghiệm: 03 năm trên cương vị quản lý trong lĩnh vực kinh doanh</p><p>5. Các khả năng/ kỹ năng:</p><p>- Có kiến thức về quản lý, về bán hàng dược phẩm.</p><p>- Hiểu biết về hệ thống kênh phân phối/ sản phẩm thuốc, thực phẩm chức năng, thị trường.</p><p>- Vi tính thành thạo Word, Excel, Power Point …</p><p>- Tiếng Anh giao tiếp.</p><p>- Có kỹ năng: Lập kế hoạch, phân tích, tổng hợp, đàm phán, thuyết phục.</p>', '<p>- Được đào tạo theo CTĐT của Công ty.</p><p>- Làm việc trong môi trường năng động, chuyên nghiệp, nhiều cơ hội phát triển.</p><p>- Thu nhập: Theo thỏa thuận, thương lượng theo năng lực của ứng viên.</p><p>- Thưởng hấp dẫn đạt doanh thu tháng/quý/năm theo chế độ Công ty.</p><p>- Chế độ BH theo quy định, các chế độ phúc lợi khác theo quy định.</p><p>- Chế độ BH theo quy định, các chế độ phúc lợi khác theo quy định của Công ty (lương tháng 13, quà tặng sinh nhật, du xuân, nghỉ mát hàng năm…)</p>', '2023-10-20 05:47:28.862372', '2024-05-15 14:17:41.000000', 0, 2848, 0, 'Đã duyệt', 'bán hàng, Word, Excel, Power Point', 'bán hàng, Word, Excel, Power Point, Quản Lý,  Bán Hàng,  Kinh Doanh,  Hiểu Biết,  Kênh Phân Phối,  Word,  Excel,  Power Point,  Tiếng Anh,  Lập Kế Hoạch', '0', 2),
(103, 'Catherine Pike', 'pike.CA@gmail.com', '0902345678', '1062 Âu cơ, Phường 14, Tân Bình', 'TP.HCM', 'ASM Khu Vực HCM - Miền Trung', 'Khoa học - Kĩ thuật', 'Toàn thời gian cố định', 'Cử nhân', '3 năm', 'Quản lí cấp cao', 20, 30, NULL, 1, 1, '2025-02-02', 20, 23, NULL, '<p>- Lập kế hoạch và triển khai chiến lược kinh doanh cho khu vực được phân công nhằm đạt mục tiêu tăng trưởng doanh số, bao phủ, thị phần tại khu vực Miền Tung – HCM.</p><p>- Giới thiệu sản phẩm, tư vấn bán hàng nhằm đạt chỉ tiêu doanh số sell out và thúc đẩy sell in.</p><p>- Thực hiện chương trình khuyến mãi, theo dõi giao hàng, tăng độ phủ cho nhãn hàng.</p><p>- Báo cáo thông tin về thị trường và đối thủ cạnh tranh.</p><p>- Kiểm soát tồn kho, listing sản phẩm tại NPP, đại lý.</p><p>- Theo dõi, phân tích và tổng hợp báo cáo trực tiếp cho CEO,</p><p></p>', '<p>- Tối thiểu 3 năm kinh nghiệm làm việc tại vị trí ASM (ưu tiên làm ngành mỹ phẩm)</p><p>- Có kinh nghiệm toàn quốc về phân phối, mở rộng điểm bán.</p><p>- Có kỹ năng quản lý, lên kế hoạch, đào tạo nhân viên.</p><p>- Ưu tiên ứng viên có thể nhận việc ngay. </p>', '<p>- Đóng đầy đủ BH theo luật nhà nước</p><p>- Lương thỏa thuận theo năng lực và kinh nghiệm.</p><p>- Lương tháng 13 theo thỏa thuận. </p>', '2023-10-20 05:47:28.862372', '2024-05-15 14:17:41.000000', 0, 1899, 0, 'Đã duyệt', 'kiến thức mỹ phẩm, Nói công khai, Giao tiếp với khách hàng', 'kiến thức mỹ phẩm, Nói công khai, Giao tiếp với khách hàng, Kế hoạch,  Chiến lược kinh doanh,  Bán hàng,  Khuyến mãi,  Thị trường,  Tồn kho,  Phân phối,  Quản lý,  Đào tạo nhân viên,  Kinh nghiệm', '0', 2),
(104, 'A.Long', 'Sincere@april.biz', '0901234567', ' TP.HCM, Quận 5', 'TP.HCM', 'Trưởng Phòng Kinh Doanh Và Tiếp Thị', 'Bán sỉ - Bán lẻ - Quản lý cửa hàng, Hành chính - Thư ký, Bán hàng - Kinh doanh, Khách sạn - Nhà hàng - Du lịch, Marketing, Tài chính - Đầu tư - Chứng khoán, Kế toán', 'Toàn thời gian cố định', 'Thạc sĩ', '5 năm', 'Quản lí nhóm-giám sát', 20, 40, 'Nam', 1, 2, '2025-03-01', 18, 20, NULL, '<p>- Xây dựng chính sách giá cho sản phẩm, dịch vụ</p><p>- Xây dựng các phân tích hoạt động kinh doanh và thị trường và lập các thống kê dự báo liên quan</p><p>- Bảo trì bảo dưỡng máy móc thiết bị xây dựng</p><p>- Phối hợp các phòng ban khác trong hoạt động để thực hiện mục tiêu, chiến lược của công ty</p><p>- Thực hiện các công việc được giao theo vị trí làm việc</p><p>- Báo cáo công việc cho lãnh đạo</p><p>- Báo cáo ngay cho công ty về sự việc bất thường có ảnh hưởng đết hoạt động của công ty.</p>', '<p>- Nắm vững chuyên môn kinh doanh/tiếp thị</p><p>- Có khả năng lãnh đạo điều hành, lãnh đạo</p><p>- Hiểu biết về hành chính quản trị</p><p>- Ngoại giao tốt tinh thần trách nhiệm cao </p>', '<p>- Thu nhập: thỏa thuận thêm và tăng theo năng lực của ứng viên</p><p>- Xứng đáng với năng lực làm việc.</p><p>- Được hưởng đầy đủ các chế độ BHXH,BHYT,BHTN.</p><p>- Thưởng lương tháng 13 và các ngày lễ 30 / 4 và 2 / 9</p><p>- Nghỉ mát, tùy tình hình kinh doanh cty</p><p>- Môi trường làm việc chuyên nghiệp, vui vẻ, hòa đồng.</p><p>- Có cơ hội thể hiện năng lực của bản thân.</p><p>- Công việc ổn định và làm việc gắn bó lâu dài với công ty</p><p>- Được đào tạo, hướng dẫn trước khi nhận việc</p><p>- Nhận việc ngay sau khi đậu phỏng vấn </p>', '2023-10-20 05:47:28.862372', '2024-05-15 14:17:41.000000', 0, 2485, 0, 'Đã duyệt', 'quản trị, ngoại giao, tiếp thị, Adobe Photoshop, Adobe InDesign, gmail', 'quản trị, ngoại giao, tiếp thị, Adobe Photoshop, Adobe InDesign, gmail, xây dựng chính sách giá,  phân tích hoạt động kinh doanh,  thống kê dự báo,  bảo trì bảo dưỡng máy móc thiết bị xây dựng,  phối hợp các phòng ban khác,  thực hiện công việc được giao,  báo cáo công việc cho lãnh đạo,  báo cáo sự việc bất thường,  nắm vững chuyên môn kinh doanh/tiếp thị,  lãnh đạo điều hành', '0', 2),
(105, 'Catherine Pike', 'pike.CA@gmail.com', '0902345678', 'TP.HCM, Tòa nhà Orchard Parkview, OP1, 130-132 Hồng Hà, Phường 9, Phú Nhuận', ' TP.HCM', 'Kế Toán Trưởng - Đi Làm Ngay', 'Kiểm toán', 'Toàn thời gian cố định', 'Cử nhân', '5 năm', 'Quản lí cấp cao', 30, 45, NULL, 1, 2, '2025-03-12', 8, 15, NULL, '<p>- Chịu trách nhiệm về hoạt động kế toán – kiểm toán chung của Công ty;</p><p>- Kiểm soát các tài khoản của Công ty và thực hiện lập báo cáo tài chính, báo cáo thu – chi nội bộ;</p><p>- Kiểm soát và quản lý quy trình lập hồ sơ sổ sách, nhập dữ liệu kế toán, hạch toán chi phí, các quy trình kiểm kê tài sản, xuất – nhập kho, lập báo cáo tài chính, bảng cân đối kế toán cũng như các tài liệu khác có liên quan của Công ty;</p><p>- Quản lý nguồn vốn, tài sản, các nguồn lực kinh tế của công ty theo quy định;</p><p>- Lập kế hoạch tài chính phù hợp với chiến lược, kế hoạch hoạt động kinh doanh của Ban lãnh đạo;</p><p>- Tham mưu Ban Lãnh Đạo xây dựng và kiện toàn hệ thống quản lý tài chính - kế toán (các quy phạm, quy trình ) phù hợp với các quy định của pháp luật và đặc điểm của Công ty. Dự báo các rủi ro tài chính trong hoạt động của hàng ngày của Doanh nghiệp;</p><p>- Tổ chức hướng dẫn và giám sát việc thực hiện đúng nội dung quy chế, quy trình quản lý Tài chính – Kế toán tại các khối/ bộ phận trong Công ty;</p><p>- Quản lý, điều hành công việc, đánh giá năng lực của nhân viên bộ phận kế toán;</p><p>- Thực hiện kế hoạch đào tạo, bồi dưỡng, xây dựng đội ngũ kế toán trong Công ty; hướng dẫn nhân sự trong công ty về các quy tắc kế toán liên quan.</p><p>- Tổ chức kiểm tra, soát xét các khoản thu/chi tài chính; các nghĩa vụ thu, nộp ngân sách Nhà nước. Rà soát, đối chiếu và đôn đốc, thu hồi công nợ.</p><p>- Giám sát thực hiện quy chế quản lý tài chính Công ty, phát hiện và ngăn ngừa các trường hợp vi phạm.</p><p>- Tổ chức bảo quản, lưu trữ các hồ sơ tài liệu kế toán, bảo mật thông tin, các tài liệu và số liệu kế toán của Công ty.</p><p>- Làm việc với các cơ quan liên quan như: Thuế, ngân hàng hay các cơ quan hữu quan theo yêu cầu để xử lý các sự vụ phát sinh.</p><p>- Chỉ đạo việc thực hiện lập báo cáo thuế, quyết toán thuế theo qui định và lên báo cáo kết quả kinh doanh, báo cáo quản trị theo định kỳ.</p><p><strong>Các công tác khác</strong></p><p>- Theo dõi, quản lý dòng tiền các khoản đầu tư tài chính, các dự án đầu tư khác của Công ty, Thành viên HĐQT</p><p>- Các công tác khác khi được Banh Lãnh đạo yêu cầu cụ thể. </p>', '<p>- Tốt nghiệp Đại học chính quy chuyên ngành Kế toán kiểm toán</p><p>- Chứng chỉ hành nghề kế toán trưởng</p><p>- Kinh nghiệm chuyên môn và quản lý từ 07 năm trở lên, ưu tiên có kinh nghiệm kế toán trong lĩnh vực xây dựng.</p><p>- Sử dụng được tiếng Anh;</p><p>- Sử dụng thành thạo vi tính văn phòng, ưu tiên biết sử dụng thành thạo phần mềm kế toán;</p><p>- Kỹ năng lập kế hoạch và triển khai công việc, làm việc độc lập, kèm cặp hướng dẫn, phân tích và tổng hợp số liệu nhanh.</p><p>- Có khả năng đi công tác ngoại tỉnh (không thường xuyên)</p><p>- Sức khỏe tốt</p><p>Ưu tiên có thể đi làm ngay </p>', '<p>- Thu nhập tháng: thỏa thuận theo năng lực</p><p>- Trợ cập phụ cấp, phúc lợi khác theo chính sách hiện hành Công ty</p><p>- Lương tháng 13</p><p>- Tham gia các chế độ bảo hiểm</p><p>- Tham gia đào tạo, huấn luyện <strong> </strong></p>', '2023-10-20 05:47:28.862372', '2024-05-15 14:17:41.000000', 0, 118, 0, 'Đã duyệt', 'phần mềm kế toán, Kế toán quản trị', 'phần mềm kế toán, Kế toán quản trị, Kế toán,  Quản lý tài chính,  Báo cáo tài chính,  Kinh nghiệm chuyên môn,  Tiếng Anh,  Vi tính văn phòng,  Phần mềm kế toán,  Lập kế hoạch,  Sức khỏe tốt,  Đi công tác', '0', 2),
(106, 'Catherine Pike', 'pike.CA@gmail.com', '0912345678', ' An Giang, Toàn khu vực , Long Xuyên', 'An Giang', 'Nhân Viên Tư Vấn Tài Chính Thị Trường', 'Tài chính - Đầu tư - Chứng khoán, Bán sỉ - Bán lẻ - Quản lý cửa hàng, Bán hàng - Kinh doanh', 'Toàn thời gian cố định', 'Cử nhân', 'Chưa có kinh nghiệm', 'Chuyên viên - nhân viên', 20, 40, 'Nam', 4, 2, '2025-03-05', 8, 20, NULL, '<p>- Tìm kiếm nguồn khách hàng có nhu cầu vay tiền mặt</p><p>- Đi lại thường xuyên trên địa bàn khu vực sinh sống, đến gặp gỡ trực tiếp khách hàng để tìm hiểu nhu cầu, tư vấn gói vay tiền mặt và các sản phẩm tài chính (thẻ tín dụng, bảo hiểm sức khỏe,...) của FE CREDIT</p><p>- Nhập thông tin khách hàng lên hệ thống, hướng dẫn khách hàng bổ sung hồ sơ vay theo yêu cầu</p><p>- Chăm sóc khách hàng, nhắc nhở khách hàng đóng phí khi đến hạn, hỗ trợ khách hàng các thắc mắc</p><p>- Đảm bảo hoàn thành chỉ tiêu kinh doanh hằng tháng</p><p>- Báo cáo công việc cho cấp quản lý </p>', '<p>- Có phương tiện đi lại, có điện thoại thông minh, nhanh nhạy sử dụng các app điện thoại để hướng dẫn khách hàng nhập thông tin hồ sơ vay</p><p>- Có mối quan hệ rộng, biết cách tự tìm kiếm nguồn khách hàng</p><p>- Không yêu cầu kinh nghiệm, ưu tiên ứng viên đã từng làm tư vấn, bán hàng, chăm sóc khách hàng,... và các công việc có liên quan  </p>', '<p>- Lương cơ bản 5.100.000 + thưởng hoa hồng tháng theo số lượng hợp đồng chốt thành công với khách hàng</p><p>=&gt; Thu nhập trung bình từ 15-20 triệu</p><p>- Không thử việc, nhận việc ngay</p><p>- Kí hợp đồng lao động và đầy đủ các chế độ bảo hiểm theo quy định.</p><p>- Gia tăng phúc lợi khi gắn bó trên 6 tháng</p><p>- Nghỉ chủ nhật hàng tuần </p>', '2023-10-20 05:47:28.862372', '2024-04-28 10:17:29.614000', 0, 204, 0, 'Đã duyệt', 'Hài lòng khách hàng, Tư vấn tài chính, Quản lý tài sản', 'Hài lòng khách hàng, Tư vấn tài chính, Quản lý tài sản, khách hàng,  vay tiền mặt,  tìm kiếm,  nhu cầu,  tư vấn,  thẻ tín dụng,  bảo hiểm sức khỏe,  hồ sơ vay,  chăm sóc khách hàng,  chỉ tiêu kinh doanh', '0', 2),
(107, 'Mr.Jack', 'pike.CA@gmail.com', '0901117777', 'Cà Mau, Cái Nước', 'Cà Mau', 'Nhân Viên Tư Vấn Trả Góp', 'Tài chính - Đầu tư - Chứng khoán', 'Toàn thời gian cố định', 'Cử nhân', 'Chưa có kinh nghiệm', 'Chuyên viên - nhân viên', 18, 30, 'Nam', 3, 2, '2024-10-20', 8, 14, NULL, '<p>- Khi trở thành Nhân viên Điểm giới thiệu dịch vụ, bạn được sử dụng những kỹ năng giao tiếp khéo léo của mình để tìm hiểu nguyện vọng của Khách hàng. Cùng với những hiểu biết về sản phẩm cho vay trong quá trình được đào tạo tại công ty, bạn sẽ có kiến thức sau đào tạo để tư vấn chính xác những sản phẩm kèm lãi suất phù hợp theo nhu cầu của Khách và đồng thời làm hồ sơ trả góp khi Khách hàng chấp thuận.</p><p>- Khi khách hàng đã được duyệt hồ sơ vay, bạn chủ động quản lý danh sách khách hàng, chăm sóc và hỗ trợ họ đầy đủ thông tin đóng phí định kỳ hằng tháng</p><p>- Thực hiện các nghiệp vụ bán hàng nhằm nâng cao sự hài lòng của khách hàng, qua đó bạn sẽ được nguồn khách hàng mới qua việc giới thiệu từ khách hàng cũ</p><p>- Bạn phải đảm bảo các chỉ tiêu kinh doanh và quản lý các chỉ số rủi ro hợp đồng</p><p>- Thực hiện các báo các hằng ngày / tuần / tháng hoặc định kỳ theo quy định</p><p>Với phương châm Khách hàng là ưu tiên số một, sự thân thiện, thấu hiểu kèm theo đó là một nụ cười tươi, thân thiện sẽ luôn đồng hành với bạn trong suốt khoảng thời gian làm việc tại HD SAISON. </p>', '<p>- Bạn chỉ cần tốt nghiệp trình độ từ THPT trở lên.</p><p>- Bạn có đam mê với công việc bán hàng, và tiếp xúc, chăm sóc khách hàng.</p><p>- Bạn tự tin với kỹ năng giao tiếp, là người vui vẻ, hòa đồng với mọi người.</p><p>- Có kinh nghiệm làm việc trong ngành tài chính hoặc ngành bán lẻ là một lợi thế.</p>', '<p>- Làm việc trong một môi trường chuyên nghiệp, luôn không ngừng phát triển với nhiều cơ hội thăng tiến.</p><p>- Thu nhập lương ổn định: 8.000.000đ – 12.000.000đ ++/ tháng (Lương Căn Bản+ Phụ Cấp + khoản Thưởng doanh thu tháng), thêm vào đó, bạn còn được xem xét tăng lương lương hằng năm.</p><p>- Thưởng theo doanh thu định kỳ hằng tháng với khoản thưởng hấp dẫn dựa vào năng lực cá nhân và cam kết khoản lương tháng 13.</p><p>- Ngoài 12 ngày phép năm theo quy định luật lao động , bạn còn được hưởng thêm 3 ngày phép theo quy định Công ty và 1 ngày nghỉ Giáng sinh.</p><p>- Định hướng đào tạo và phát triển: được hỗ trợ đào tạo huấn luyện nghiệp vụ đầu vào để bạn nắm bắt công việc, trong quá trình làm việc - được tham gia các khóa học do trung tâm đào tạo nội bộ hoạch định mang đến cho bạn các kiến thức bổ trợ cho công việc cũng như định hướng thăng tiến theo năng lực cá nhân.</p><p>- Được hưởng 100% lương trong thời gian thử việc, được đóng đầy đủ toàn bộ các chế độ bảo hiểm sau khi ký hợp đồng lao động chính thức.</p><p>- Định kỳ hằng năm có tham gia chế độ chăm sóc sức khỏe cho chính bạn và được tham gia gói ưu đãi khi mua bảo hiểm tự nguyện dành cho người thân.</p><p>- Tổ chức định kỳ hằng năm các hoạt động phát triển đội nhóm gắn kết nhân viên.</p><p>- Tham gia các hoạt động dành cho đoàn viên, được quan tâm đến các hoạt động hỗ trợ tinh thần như hiếu hỉ, sinh nhật, thăm hỏi ốm đau, tương thân tương ái hỗ trợ vượt qua giai đoạn khó khăn v.v </p>', '2023-10-22 00:32:31.107741', '2024-05-15 14:17:41.000000', 0, 44, 0, 'Đã duyệt', 'Giao tiếp với khách hàng, Làm việc nhóm, Mối quan hệ khách hàng', 'Giao tiếp với khách hàng, Làm việc nhóm, Mối quan hệ khách hàng, Giao tiếp,  Kỹ năng bán hàng,  Hiểu biết sản phẩm,  Quản lý khách hàng,  Chăm sóc khách hàng,  Nghiệp vụ bán hàng,  Chỉ tiêu kinh doanh,  Quản lý rủi ro hợp đồng,  Báo cáo hàng ngày/tuần/tháng,  Thân thiện', '0', 2),
(115, 'Catherine Pike', 'pike.CA@gmail.com', '0902345678', 'Vĩnh Long', 'Vĩnh Long', 'Chuyên Viên Tín Dụng Cá Nhân - Miền Tây', 'Ngân hàng', 'Toàn thời gian cố định', 'Cử nhân', '1 năm', 'Chuyên viên - nhân viên', 20, 35, 'Nữ', 10, 2, '2024-10-13', 15, 20, NULL, '<p>- Đào sâu quan hệ khách hàng hiện hữu thông qua bán chéo tất cả các sản phẩm ngân hàng thông qua các hoạt động bán hàng trong và ngoài Chi nhánh/PGD</p><p>- Giới thiệu và bán các <strong>sản phẩm vay</strong> cho khách hàng mới giao dịch tại Chi nhánh/PGD</p><p>- Chịu trách nhiệm bán các <strong>sản phẩm vay</strong> và chuyển các khách hàng quan tâm sang nhân viên bán hàng tương ứng</p><p>- Thu thập và xử lý hồ sơ vay vốn của khách hàng đến khi được phê duyệt</p><p>- Tham gia các hoạt động &quot;đánh bắt gần bờ&quot; của Chi nhánh/PGD</p><p>- Nhập thông tin khách hàng và kết quả bán hàng vào hệ thống CRM mỗi ngày</p><p>- Phát triển các kênh đại lý ô tô, bất động sản, môi giới nhằm tăng cường thu hút và cải thiện tỷ lệ chuyển đổi thành công </p>', '<p>- Tốt nghiệp Đại học các chuyên ngành: Kinh tế, Quản trị kinh doanh, Tài chính - Ngân hàng, Kế toán, Kiểm toán và các chuyên ngành liên quan đến kinh tế.</p><p>- Kinh nghiệm: tối thiểu 1 năm trong lĩnh vực ngân hàng hoặc vị trí tương đương</p><p>- Chủ động, trách nhiệm trong công việc, chịu được áp lực công việc</p><p>- Có khả năng giao tiếp ít nhất 1 ngoại ngữ và sử dụng tốt tin học văn phòng. </p>', '<ul><li>Tham gia BHXH đầy đù</li><li>Lương 13, thưởng kinh doanh</li><li>Khám sức khỏe định kỳ, teambuilding hàng năm</li><li>12 ngày nghỉ phép trong năm</li><li>Tham gia đào tạo phát triển năng lực bản thân thường xuyên </li></ul>', '2024-01-17 10:52:33.930441', '2024-04-27 08:48:29.019000', 0, 94, 0, 'Đã duyệt', 'Giao tiếp với khách hàng, Quản lý thời gian, Chiến lược vụ án', 'Giao tiếp với khách hàng, Quản lý thời gian, Chiến lược vụ án, sản phẩm vay,  chi nhánh/pgd,  khách hàng,  bán hàng,  hồ sơ vay vốn,  crm,  đại lý ô tô,  bất động sản,  môi giới,  tỷ lệ chuyển đổi', '0', 2),
(118, 'Catherine Pike', 'pike.CA@gmail.com', '0901212345', ' Tầng 3 - Tòa Nhà FPT -42 Lê Thành Phương - Nha Trang - Khánh Hoà', ' Khánh Hòa, Tầng 3 - Tòa Nhà FPT -42 Lê Thành Phương - Nha Trang - Khánh Hoà, Nha Trang', 'Nhân Viên Tư Vấn Làm Việc Tại Văn Phòng', 'Bán hàng - Kinh doanh', 'Toàn thời gian tạm thời', 'Trung cấp', '2 năm', 'Quản lí nhóm-giám sát', 20, 25, 'Nam', 5, 2, '2024-06-27', 12, 20, NULL, '<p>- Tư vấn và giới thiệu đến khách hàng sản phẩm cho Vay Tín Chấp của công ty tài chính Shinhan Việt Nam và các sản phẩm liên quan</p><p>- Chăm sóc khách hàng tiềm năng và mở rộng mạng lưới khách hàng mới</p><p>- Đảm bảo thực hiện đúng Quy định về chất lượng dịch vụ &amp; Chính sách sản phẩm của Công ty.</p><p>- Thực hiện các công việc khác theo phân công của trưởng nhóm</p><p>- Thời Gian làm việc : T2-T6 ( 8h30 -17h30) - T7 ( 8h30 -12h ), CN nghỉ </p>', '<p><strong>- Tốt nghiệp THPT trở lên.</strong></p><p><strong>- Yêu cầu độ: 18-35 tuổi.</strong></p><p>- Chưa có kinh nghiệm sẽ được đào tạo.</p><p>- Có kinh nghiệm trong lĩnh vực tài chính/ngân hàng là lợi thế.</p><p>- Giao tiếp tốt, nhiệt tình, có trách nhiệm. </p>', '<p><strong>-</strong> Lương cơ bản: 4.680 + Hoa Hồng + Thưởng ( TB từ 7-20tr) </p><p><strong>-</strong> Ký hđlđ ngay tháng đầu tiên </p><p><strong>- Đ</strong>ược đóng BHXH, BHYT đầy đủ</p><p><strong>-</strong> Được làm việc trong môi trường chuyên nghiệp</p><p><strong>-</strong> Được đào tạo bài bản kiến thức về: Sản phẩm, quy trình, quy định bán hàng, kênh bán hàng, kỹ năng giao tiếp, đàm phán... </p><p><strong>-</strong> Thưởng theo tháng/quý/năm</p><p><strong>-</strong> Có nhiều cơ hội thăng tiến lên vị trí cấp cao .... </p>', '2024-03-16 07:32:38.782116', '2024-04-24 18:44:46.866410', 0, 38, 0, 'Đã duyệt', NULL, NULL, '0', 9),
(123, 'Ms. Jack', 'ntd@gmail.com', '0901234567', 'Barcelona, Spain', '100/100 Lê Đại Hành', 'Lập Trình Viên Full Stack', 'IT Phần mềm, Khoa học - Kĩ thuật, IT Phần cứng - Mạng', 'Toàn thời gian cố định', 'Cử nhân', '1 năm', 'Chuyên viên - nhân viên', 22, 28, 'Nam', 2, 2, '2025-10-20', 10, 15, 'Frontend: Javascript/Typescript, React/Next.js và các thư viện UI: material-UI, formik, react-query, Redux…;\nBackend: Python, framework Django…;\nDatabase: MySQL', '<p>1. Provide Internal Software Development Service for plant<br/>* Provide technical consultancy &amp; solution for Software Development and MÉ System.<br/>* Develop applications for HcP internal customers.<br/>* Manage software development projects.<br/>2. Sustain excellent operation of responsible applications as per Service Level Agreement especially for HcP MES<br/>* Ensure internal application operation, covering incident &amp; problem management, change management, etc.<br/>* Enhance &amp; expand features of responsible applications as per business need.<br/>* Ensure 24x7 excellent operation for HcP MES<br/>3. Other tasks assigned by manage </p>', '<p>1. Education &amp; Work Experience<br/>* Bachelor degree. Major in IT Software Development<br/>* Relevant professional certificates for DBA e.g Oracle OCA/ OCP is strong plus<br/>* 3-5 year-experience in: .NET competence, MES systems with good understanding manufacturing process.<br/>2. Traits &amp; Skills<br/>* Proficient C# programming or Python with working knowledge of SQL or Oracle.<br/>* Good knowledge of OOP, clean code<br/>* Good knowledge in MÉ systems and understanding manufacturing process is a must.<br/>* Good knowledge of Info security in programing and performance optimization.<br/>* Good knowledge of programming patterns and principles e.g Separation of Concern, Repository Pattern, Unit Of Work, DRY, SOLID<br/>* Effective communication in English &amp; Vietnamese (speaking, listening, reading &amp; writing)<br/>* Effective and smooth collaboration with customers, partners and suppliers<br/>* A team player. Easy to work with. Participate team&#x27;s and company&#x27;s team building activities<br/>* Discipline. Intergrity. Disagree but commit.<br/>* Analytical thinking. Self learning capability, Knowledge transfer capability<br/>* Customer Orientation. Result Orientation. Quality. Cost sensitivity <br/>* Ready for travel when needed (for training/ project/ cross-site support) </p>', '<p>- Premium healthcare insurance for employee &amp; 2 direct relatives.</p><p>- 16 days of annual leave.</p><p>- Shuttle buses provided from HCMC, Dong Nai &amp; Binh Duong.</p><p><br/> </p>', '2024-03-28 21:11:19.005474', '2024-05-15 14:17:41.000000', 0, 2946, 0, 'Đã duyệt', 'Python, Lập trình C#, OOP', 'Python, Lập trình C#, OOP, MES,  C,  SQL,  Oracle,  OOP,  Clean code,   Info security,  English,  Team player, Analytical thinking', '0', 2),
(125, 'Ms. Jack', 'ntd3@gmail.com', '0901234567', '1220 Lý Thường Kiệt, P.10, Q.10, TP.HCM', 'Bình Dương, 73 Huỳnh Văn Lũy, Phú Mỹ, Thủ Dầu Một', 'Nhân Viên IT', 'IT Phần mềm', 'Toàn thời gian cố định', 'Cao đẳng', '3 năm', 'Chuyên gia', 18, 25, 'Nam', 2, 2, '2029-04-24', 12, 15, NULL, '<p>• Lập trình phát triển các dự án, sản phẩm liên quan đến quản trị doanh nghiệp trên nền tảng công nghệ: C#.NET</p><p>• Kiểm tra, bảo trì và khắc phục lỗi trong lập trình</p><p>• Chuyển đổi/Convert một số sản phẩm sang C#</p><p>• Xây dựng API, tích hợp cùng các sản phẩm khác của công ty</p><p>• Trao đổi cụ thể trong quá trình phỏng vấn</p><p>• Lập trình framework ứng dụng theo mô hình tổng quát để các bộ phận khác có thể khai báo và ứng dụng vào các bài toán thực tế phục vụ khách hàng.</p><p>• Đào tạo, hỗ trợ các bộ phận khác trong toàn công ty trong việc triển, customize sản phẩm cho khách hàng.</p><p>• Nghiên cứu các công nghệ mới có thể ứng dụng.</p><p>• Lập trình C#, Winforms , cơ sở dữ liệu SQL Server. - Lập trình ứng dụng website ASP.NET.</p><p>• Có đam mê với ngành CNTT, lập trình phần mềm, có tinh thần luôn luôn học tập, cải tiến kỹ năng bản thân.</p><p>• Có khả năng phân tích tình huống, giải quyến vấn đề.</p><p>• Hỗ trợ lấy thông tin, phân tích yêu cầu của khách hàng.</p><p>• Trực tiếp lập trình phần mềm theo sự hướng dẫn của trưởng nhóm.  </p>', '<p>• Tốt nghiệp chuyên ngành Công nghệ thông tin, Công nghệ phần mềm, Lập Trình Viên Aptech, ...</p><p>• Đã có ít nhất 06 tháng kinh nghiệm lập trình trên nền tảng công nghệ: C#.NET, Winform...</p><p>• Có khả năng đọc hiểu code, viết clean code và tối ưu code</p><p>• Có khả năng đọc và hiểu tài liệu tiếng Anh trong lĩnh vực liên quan</p><p>• Có khả năng làm việc tập trung để đáp ứng kịp tiến độ và làm việc dưới áp lực cao.</p><p>• Cẩn thận, trung thực, hoà đồng.</p><p>• Nắm vững phương pháp lập trình hướng đối tượng với C# .NET WinForms</p><p>• Có tư duy tốt, yêu thích lập trình và các vấn đề liên quan đến công nghệ, có khả năng tự học hỏi nghiên cứu (đọc sách, tra cứu trên mạng, tự đặt ra các bài toán cho bản thân để lập trình ).</p><p>• Có khả năng làm việc theo nhóm, hoàn thành tốt công việc được giao theo đúng thời hạn dưới áp lực cao.</p><p>• Chấp nhận các ứng viên chuẩn bị ra trường hoặc tìm đơn vị thực tập sinh </p>', '<p>- Mức lương cơ bản 7-12triệu VNĐ/tháng</p><p>- Chế độ bảo hiểm đầy đủ, nghỉ phép năm, nghỉ phép ốm đau và nghỉ phép có trả lương</p><p>- Hỗ trợ thiết bị công việc</p><p>- Thưởng lễ, tết hàng năm và tham gia các hoạt động Team buliding </p>', '2024-04-20 08:16:12.037623', '2024-04-24 18:44:46.866410', 0, 54, 0, 'Đã duyệt', 'C, ASP.NET, RESTful API, SQL', 'C, ASP.NET, RESTful API, SQL, lập trình,  c.net,  kiểm tra,  bảo trì,  khắc phục lỗi,  chuyển đổi/convert sản phẩm sang c,  xây dựng api,  tích hợp sản phẩm khác của công ty,  lập trình framework ứng dụng mô hình tổng quát,  đào tạo,  hỗ trợ các bộ phận khác trong công ty triển customize sản phẩm cho khách hàng, nghiên cứu công nghệ mới, cơ sở dữ liệu sql server, lập trình ứng dụng website asp.net, đam mê ngành cntt, lập trình phần mềm, học tập, cải tiến kỹ năng bản thân, phân tích tình huống, giải quyết vấn đề', '0', 12),
(126, 'Ms. Jack', 'ntd3@gmail.com', '0901234567', '1220 Lý Thường Kiệt, P.10, Q.10, TP.HCM', 'TP.HCM, 1A120 ĐƯỜNG VĨNH LỘC XÃ PHẠM VĂN HAI, Bình Chánh', 'Lập Trình Viên CNC', 'IT Phần cứng - Mạng', 'Toàn thời gian cố định', 'Cử nhân', '1 năm', 'Chuyên gia', 18, 25, 'Nam', 2, 2, '2025-04-22', 12, 15, NULL, '<ul><li>Nhận bảng vẽ từ khách hàng</li><li>Lập chương trình gia công cho máy phay CNC</li><li>Theo dõi tiến độ gia công của chi tiết máy</li><li>Làm việc theo sự phân công của trưởng phòng kỹ thuật</li><li>Các công việc cụ thể sẽ được trao đổi trong buổi phỏng vấn </li></ul>', '<ul><li>Sử dụng thành thạo autocad 2D, 3D</li><li>Ưu tiên biết phần mềm NX</li><li>Hiểu biết về cách vận hành máy CNC</li><li>Ưu tiên ứng viên có kinh nghiệm ít nhất 02 năm ở vị trí tương đương </li></ul>', '<ul><li>Lương khởi điểm: 12-20triệu / tháng </li><li>Thưởng lương tháng 13</li><li>Bảo hiểm: đóng đầy đủ</li><li>Nghỉ lễ, phép: theo Luật Lao động hiện hành</li><li>Chế độ phúc lợi: Trao đổi chi tiết trong quá trình phỏng vấn </li></ul>', '2024-04-20 08:21:12.165669', '2024-04-24 18:44:46.866410', 0, 5, 0, 'Đã duyệt', 'Cẩn thận, Đã biết vận hành máy', 'Cẩn thận, Đã biết vận hành máy, máy phay cnc,  tiến độ gia công,  chương trình gia công,  autocad 2d,  autocad 3d,  phần mềm nx,  vận hành máy cnc,  kinh nghiệm ít nhất 02 năm', '0', 12),
(127, 'Ms. Jack', 'ntd3@gmail.com', '0901234567', '1220 Lý Thường Kiệt, P.10, Q.10, TP.HCM', 'Bình Dương, 73 Huỳnh Văn Lũy, Phú Mỹ, Thủ Dầu Một', 'Nhân Viên Kỹ Thuật - Lập Trình CNC', 'IT Phần cứng - Mạng', 'Toàn thời gian cố định', 'Cử nhân', '1 năm', 'Chuyên gia', 20, 25, 'Nam', 2, 2, '2025-04-20', 20, 22, NULL, '<p>- Lập chương trình gia công cho máy phay CNC, Vẽ Autocad, 3D</p><p>- Theo dõi tiến độ gia công</p><p>- Làm việc theo sự phân công của trưởng phòng kỹ thuật</p><p>- Tiếp nhận chương trình, vận hành máy sản xuất </p><p>- Các công việc cụ thể sẽ được trao đổi trong buổi phỏng vấn </p>', '<p>- Bằng cấp :Chuyên ngành Điện-Điện Tử / Cơ điện tử, Tự động hóa/ Kỷ Thuật Cao Thắng/ Lý Tự Trọng</p><p>- Ưu tiên ứng viên am hiểu lập trình và có kinh nghiệm về máy CNC.</p><p>- Cẩn thận, trung thực, có trách nhiệm cao trong công việc. </p>', '<p>- Được tham gia BHXH, BHYT đầy đủ</p><p>- Lương thưởng theo quy định của công ty</p><p>- Phụ cấp đầy đủ theo quy định của công ty</p><p>- Nghỉ lễ theo quy định của nhà nước </p>', '2024-04-20 08:24:06.947449', '2024-04-24 18:44:46.866410', 0, 4, 0, 'Đã duyệt', 'Autodesk AutoCAD, 3D Modeling', 'Autodesk AutoCAD, 3D Modeling, máy phay cnc,  vẽ autocad,  3d,  tiến độ gia công,  trưởng phòng kỹ thuật,  chương trình vận hành máy sản xuất,  phỏng vấn,  bằng cấp chuyên ngành điện-điện tử / cơ điện tử,  tự động hóa/ kỷ thuật cao thắng/ lý tự trọng,  lập trình máy cnc,  cẩn thận,  trung thực,  trách nhiệm cao', '0', 12);

-- --------------------------------------------------------

--
-- Cấu trúc bảng cho bảng `notification`
--

CREATE TABLE `notification` (
  `notificationId` int(11) NOT NULL,
  `content` varchar(255) NOT NULL,
  `dateAndTime` timestamp NOT NULL DEFAULT current_timestamp(),
  `userUserId` int(11) DEFAULT NULL
) ENGINE=InnoDB DEFAULT CHARSET=utf8mb4;

--
-- Đang đổ dữ liệu cho bảng `notification`
--

INSERT INTO `notification` (`notificationId`, `content`, `dateAndTime`, `userUserId`) VALUES
(1, 'Bạn đã cập nhật thông tin cá nhân', '2023-10-19 10:02:51', 1),
(2, 'Bạn đã cập nhật thông tin cá nhân', '2023-10-19 10:05:00', 1),
(3, 'Bạn đã cập nhật thông tin cá nhân', '2023-10-19 10:07:02', 1),
(4, 'Bạn đã cập nhật thông tin cá nhân', '2023-10-19 10:08:46', 1),
(5, 'Bạn đã tạo hồ sơ trực tuyến', '2023-10-19 10:10:57', 1),
(6, 'Bạn đã tạo hồ sơ trực tuyến', '2023-10-19 14:03:07', 1),
(7, 'Bạn đã cập nhật đăng tuyển Lập trình ', '2023-10-20 02:23:57', 2),
(8, 'Bạn đã cập nhật đăng tuyển Lập trình ', '2023-10-20 02:24:30', 2),
(9, 'Bạn đã tạo hồ sơ trực tuyến', '2023-10-20 03:07:33', 1),
(10, 'Bạn đã cập nhật thông tin cá nhân', '2023-10-20 03:08:57', 1),
(11, 'Bạn đã cập nhật thông tin cá nhân', '2023-10-20 03:13:51', 1),
(12, 'Bạn đã cập nhật thông tin cá nhân', '2023-10-20 03:22:52', 1),
(13, 'Bạn đã cập nhật thông tin cá nhân', '2023-10-20 03:26:04', 1),
(14, 'Bạn đã cập nhật thông tin cá nhân', '2023-10-20 03:31:15', 1),
(15, 'Bạn đã cập nhật thông tin cá nhân', '2023-10-20 03:34:29', 1),
(16, 'Bạn đã cập nhật thông tin cá nhân', '2023-10-20 03:40:33', 1),
(17, 'Bạn đã cập nhật thông tin cá nhân', '2023-10-20 03:42:43', 1),
(18, 'Bạn đã cập nhật thông tin cá nhân', '2023-10-20 04:32:31', 1),
(19, 'Bạn đã cập nhật thông tin cá nhân', '2023-10-20 04:36:26', 1),
(20, 'Bạn đã cập nhật thông tin cá nhân', '2023-10-20 05:07:13', 1),
(21, 'Bạn đã cập nhật thông tin cá nhân', '2023-10-20 05:07:26', 1),
(22, 'Bạn đã tạo hồ sơ trực tuyến', '2023-10-20 05:12:33', 1),
(23, 'Bạn đã cập nhật thông tin cá nhân', '2023-10-20 05:56:33', 1),
(24, 'Bạn đã cập nhật thông tin cá nhân', '2023-10-20 06:43:04', 1),
(25, 'Bạn đã cập nhật thông tin cá nhân', '2023-10-20 06:43:58', 1),
(26, 'Bạn đã cập nhật thông tin cá nhân', '2023-10-20 06:44:17', 1),
(27, 'Bạn đã cập nhật thông tin cá nhân', '2023-10-20 06:51:49', 1),
(28, 'Bạn đã cập nhật thông tin cá nhân', '2023-10-20 06:52:24', 1),
(29, 'Bạn đã cập nhật thông tin cá nhân', '2023-10-20 06:53:13', 1),
(30, 'Bạn đã cập nhật thông tin cá nhân', '2023-10-20 07:01:35', 1),
(31, 'Bạn đã cập nhật thông tin cá nhân', '2023-10-20 07:19:24', 1),
(32, 'Bạn đã cập nhật thông tin cá nhân', '2023-10-20 07:20:01', 1),
(33, 'Bạn đã cập nhật thông tin cá nhân', '2023-10-20 07:34:23', 1),
(34, 'Bạn đã cập nhật thông tin cá nhân', '2023-10-20 07:37:13', 1),
(35, 'Bạn đã cập nhật thông tin cá nhân', '2023-10-20 07:39:26', 1),
(36, 'Bạn đã cập nhật thông tin cá nhân', '2023-10-20 07:40:19', 1),
(37, 'Bạn đã cập nhật thông tin cá nhân', '2023-10-20 07:41:07', 1),
(38, 'Bạn đã cập nhật thông tin cá nhân', '2023-10-20 07:41:12', 1),
(39, 'Bạn đã cập nhật thông tin cá nhân', '2023-10-20 07:42:05', 1),
(40, 'Bạn đã cập nhật thông tin cá nhân', '2023-10-20 07:43:16', 1),
(41, 'Bạn đã cập nhật thông tin cá nhân', '2023-10-20 07:46:09', 1),
(42, 'Bạn đã cập nhật thông tin cá nhân', '2023-10-20 07:51:15', 1),
(43, 'Bạn đã cập nhật thông tin cá nhân', '2023-10-20 07:56:36', 1),
(44, 'Bạn đã cập nhật thông tin cá nhân', '2023-10-20 08:31:33', 1),
(45, 'Bạn đã cập nhật thông tin cá nhân', '2023-10-20 08:34:10', 1),
(46, 'Bạn đã cập nhật thông tin cá nhân', '2023-10-20 08:34:51', 1),
(47, 'Bạn đã cập nhật thông tin cá nhân', '2023-10-20 08:51:22', 1),
(48, 'Bạn đã cập nhật thông tin cá nhân', '2023-10-20 09:07:22', 1),
(49, 'Bạn đã cập nhật hồ sơ trực tuyến', '2023-10-20 10:39:27', 1),
(50, 'Bạn đã cập nhật hồ sơ trực tuyến', '2023-10-20 10:53:49', 1),
(51, 'Bạn đã cập nhật hồ sơ trực tuyến', '2023-10-20 10:54:05', 1),
(52, 'Bạn đã cập nhật thông tin cá nhân', '2023-10-20 11:07:15', 1),
(53, 'Bạn đã cập nhật thông tin cá nhân', '2023-10-20 11:08:07', 1),
(54, 'Bạn đã cập nhật thông tin cá nhân', '2023-10-20 11:08:55', 1),
(55, 'Bạn đã cập nhật thông tin cá nhân', '2023-10-20 11:09:12', 1),
(56, 'Bạn đã cập nhật thông tin cá nhân', '2023-10-20 11:09:23', 1),
(57, 'Bạn đã cập nhật thông tin cá nhân', '2023-10-20 11:10:00', 1),
(58, 'Bạn đã cập nhật thông tin cá nhân', '2023-10-20 11:11:09', 1),
(59, 'Bạn đã cập nhật thông tin cá nhân', '2023-10-20 11:15:25', 1),
(60, 'Bạn đã cập nhật thông tin cá nhân', '2023-10-20 11:21:53', 1),
(61, 'Bạn đã cập nhật thông tin cá nhân', '2023-10-20 11:22:13', 1),
(62, 'Bạn đã cập nhật thông tin cá nhân', '2023-10-20 11:22:27', 1),
(63, 'Bạn đã cập nhật thông tin cá nhân', '2023-10-20 11:30:09', 1),
(64, 'Bạn đã cập nhật thông tin cá nhân', '2023-10-20 11:30:36', 1),
(65, 'Bạn đã cập nhật thông tin cá nhân', '2023-10-20 11:31:08', 1),
(66, 'Bạn đã cập nhật thông tin cá nhân', '2023-10-20 11:31:14', 1),
(67, 'Bạn đã cập nhật thông tin cá nhân', '2023-10-20 11:31:42', 1),
(68, 'Bạn đã cập nhật thông tin cá nhân', '2023-10-20 11:32:07', 1),
(69, 'Bạn đã cập nhật thông tin cá nhân', '2023-10-20 11:36:26', 1),
(70, 'Bạn đã cập nhật thông tin cá nhân', '2023-10-20 11:39:18', 1),
(71, 'Bạn đã cập nhật thông tin cá nhân', '2023-10-20 11:40:20', 1),
(72, 'Bạn đã cập nhật thông tin cá nhân', '2023-10-20 11:43:14', 1),
(73, 'Bạn đã cập nhật thông tin cá nhân', '2023-10-20 11:43:21', 1),
(74, 'Bạn đã cập nhật thông tin cá nhân', '2023-10-20 11:48:59', 1),
(75, 'Bạn đã cập nhật thông tin cá nhân', '2023-10-20 11:50:11', 1),
(76, 'Bạn đã cập nhật thông tin cá nhân', '2023-10-20 11:58:24', 1),
(77, 'Bạn đã cập nhật thông tin cá nhân', '2023-10-20 12:09:09', 1),
(78, 'Bạn đã cập nhật thông tin cá nhân', '2023-10-20 12:11:00', 1),
(79, 'Bạn đã cập nhật thông tin cá nhân', '2023-10-20 12:11:44', 1),
(80, 'Bạn đã cập nhật thông tin cá nhân', '2023-10-20 12:12:52', 1),
(81, 'Bạn đã cập nhật thông tin cá nhân', '2023-10-20 12:21:01', 1),
(82, 'Bạn đã cập nhật thông tin cá nhân', '2023-10-20 12:25:50', 1),
(83, 'Bạn đã cập nhật thông tin cá nhân', '2023-10-20 12:34:20', 1),
(84, 'Bạn đã cập nhật thông tin cá nhân', '2023-10-20 12:35:38', 1),
(85, 'Bạn đã cập nhật thông tin cá nhân', '2023-10-20 12:36:02', 1),
(86, 'Bạn đã cập nhật thông tin cá nhân', '2023-10-20 12:36:37', 1),
(87, 'Bạn đã cập nhật thông tin cá nhân', '2023-10-20 12:37:33', 1),
(88, 'Bạn đã cập nhật hồ sơ trực tuyến', '2023-10-20 12:48:37', 1),
(89, 'Bạn đã cập nhật hồ sơ trực tuyến', '2023-10-20 12:58:40', 1),
(90, 'Bạn đã cập nhật hồ sơ trực tuyến', '2023-10-20 12:59:14', 1),
(91, 'Bạn đã cập nhật thông tin cá nhân', '2023-10-20 13:05:05', 1),
(92, 'Bạn đã cập nhật thông tin cá nhân', '2023-10-20 13:10:54', 1),
(93, 'Bạn đã cập nhật thông tin cá nhân', '2023-10-20 13:11:03', 1),
(94, 'Bạn đã cập nhật thông tin cá nhân', '2023-10-20 13:11:14', 1),
(95, 'Bạn đã cập nhật thông tin cá nhân', '2023-10-20 13:11:25', 1),
(96, 'Bạn đã cập nhật thông tin cá nhân', '2023-10-20 20:44:44', 1),
(97, 'Bạn đã cập nhật thông tin cá nhân', '2023-10-20 20:44:52', 1),
(98, 'Bạn đã cập nhật thông tin cá nhân', '2023-10-20 20:45:08', 1),
(99, 'Bạn đã cập nhật thông tin cá nhân', '2023-10-20 20:45:21', 1),
(100, 'Bạn đã cập nhật thông tin cá nhân', '2023-10-20 20:48:44', 1),
(101, 'Bạn đã cập nhật thông tin cá nhân', '2023-10-20 20:48:51', 1),
(102, 'Bạn đã cập nhật thông tin cá nhân', '2023-10-20 20:48:57', 1),
(103, 'Bạn đã cập nhật thông tin cá nhân', '2023-10-20 20:52:34', 1),
(104, 'Bạn đã cập nhật thông tin cá nhân', '2023-10-20 20:52:39', 1),
(105, 'Bạn đã cập nhật thông tin cá nhân', '2023-10-20 20:52:46', 1),
(106, 'Bạn đã cập nhật thông tin cá nhân', '2023-10-20 20:52:58', 1),
(107, 'Bạn đã cập nhật thông tin cá nhân', '2023-10-20 20:53:09', 1),
(108, 'Bạn đã cập nhật thông tin cá nhân', '2023-10-20 20:53:19', 1),
(109, 'Bạn đã cập nhật thông tin cá nhân', '2023-10-20 20:54:42', 1),
(110, 'Bạn đã cập nhật thông tin cá nhân', '2023-10-20 20:59:23', 1),
(111, 'Bạn đã cập nhật thông tin cá nhân', '2023-10-20 21:00:53', 1),
(112, 'Bạn đã cập nhật thông tin cá nhân', '2023-10-20 21:10:37', 1),
(113, 'Bạn đã cập nhật thông tin cá nhân', '2023-10-21 01:14:23', 1),
(114, 'Bạn đã cập nhật thông tin cá nhân', '2023-10-21 01:14:31', 1),
(115, 'Bạn đã cập nhật thông tin cá nhân', '2023-10-21 01:14:47', 1),
(116, 'Bạn đã cập nhật thông tin cá nhân', '2023-10-21 01:15:21', 1),
(117, 'Bạn đã cập nhật thông tin cá nhân', '2023-10-21 01:15:33', 1),
(118, 'Bạn đã cập nhật thông tin cá nhân', '2023-10-21 01:15:42', 1),
(119, 'Bạn đã cập nhật thông tin cá nhân', '2023-10-21 01:19:45', 1),
(120, 'Bạn đã tạo hồ sơ trực tuyến', '2023-10-21 02:13:52', 1),
(121, 'Bạn đã cập nhật hồ sơ trực tuyến', '2023-10-21 02:17:39', 1),
(122, 'Bạn đã cập nhật hồ sơ trực tuyến', '2023-10-21 02:47:59', 1),
(123, 'Bạn đã cập nhật thông tin cá nhân', '2023-10-21 23:25:31', 1),
(124, 'Đăng tuyển của bạn đang chờ duyệt', '2023-10-22 00:32:31', 2),
(125, 'Bạn đã cập nhật hồ sơ trực tuyến', '2023-10-23 21:59:40', 1),
(126, 'Bạn đã cập nhật hồ sơ trực tuyến', '2023-10-23 21:59:54', 1),
(127, 'Bạn đã cập nhật hồ sơ trực tuyến', '2023-10-23 22:00:02', 1),
(128, 'Bạn đã cập nhật hồ sơ trực tuyến', '2023-10-23 22:00:04', 1),
(129, 'Bạn đã cập nhật hồ sơ trực tuyến', '2023-10-23 22:00:10', 1),
(130, 'Bạn đã cập nhật hồ sơ trực tuyến', '2023-10-23 22:00:12', 1),
(131, 'Bạn đã cập nhật hồ sơ trực tuyến', '2023-10-23 22:00:14', 1),
(132, 'Bạn đã cập nhật hồ sơ trực tuyến', '2023-10-23 22:00:14', 1),
(133, 'Bạn đã cập nhật hồ sơ trực tuyến', '2023-10-23 22:00:15', 1),
(134, 'Bạn đã cập nhật hồ sơ trực tuyến', '2023-10-23 22:00:15', 1),
(135, 'Bạn đã cập nhật hồ sơ trực tuyến', '2023-10-23 22:00:15', 1),
(136, 'Bạn đã cập nhật hồ sơ trực tuyến', '2023-10-23 22:00:15', 1),
(137, 'Bạn đã cập nhật hồ sơ trực tuyến', '2023-10-23 22:00:15', 1),
(138, 'Bạn đã cập nhật hồ sơ trực tuyến', '2023-10-23 22:00:15', 1),
(139, 'Bạn đã cập nhật hồ sơ trực tuyến', '2023-10-23 22:00:17', 1),
(140, 'Bạn đã cập nhật hồ sơ trực tuyến', '2023-10-23 22:02:35', 1),
(141, 'Bạn đã cập nhật hồ sơ trực tuyến', '2023-10-23 22:02:36', 1),
(142, 'Bạn đã cập nhật hồ sơ trực tuyến', '2023-10-23 22:02:39', 1),
(143, 'Bạn đã cập nhật hồ sơ trực tuyến', '2023-10-23 22:02:40', 1),
(144, 'Bạn đã cập nhật hồ sơ trực tuyến', '2023-10-23 22:02:44', 1),
(145, 'Bạn đã cập nhật hồ sơ trực tuyến', '2023-10-23 22:04:09', 1),
(146, 'Bạn đã cập nhật hồ sơ trực tuyến', '2023-10-23 22:04:10', 1),
(147, 'Bạn đã cập nhật hồ sơ trực tuyến', '2023-10-23 22:04:23', 1),
(148, 'Bạn đã cập nhật hồ sơ trực tuyến', '2023-10-23 22:04:29', 1),
(149, 'Bạn đã cập nhật hồ sơ trực tuyến', '2023-10-23 22:05:03', 1),
(150, 'Bạn đã cập nhật hồ sơ trực tuyến', '2023-10-23 22:05:11', 1),
(151, 'Bạn đã cập nhật hồ sơ trực tuyến', '2023-10-23 22:05:30', 1),
(152, 'Bạn đã cập nhật hồ sơ trực tuyến', '2023-10-23 22:06:12', 1),
(153, 'Bạn đã cập nhật hồ sơ trực tuyến', '2023-10-23 22:10:22', 1),
(154, 'Bạn đã cập nhật hồ sơ trực tuyến', '2023-10-23 22:11:22', 1),
(155, 'Bạn đã cập nhật hồ sơ trực tuyến', '2023-10-23 22:12:45', 1),
(156, 'Bạn đã cập nhật hồ sơ trực tuyến', '2023-10-23 22:15:44', 1),
(157, 'Bạn đã cập nhật hồ sơ trực tuyến', '2023-10-23 22:17:55', 1),
(158, 'Bạn đã cập nhật hồ sơ trực tuyến', '2023-10-23 22:18:14', 1),
(159, 'Bạn đã cập nhật hồ sơ trực tuyến', '2023-10-23 22:22:47', 1),
(160, 'Bạn đã cập nhật thông tin cá nhân', '2023-10-23 22:24:06', 1),
(161, 'Bạn đã cập nhật hồ sơ trực tuyến', '2023-10-23 22:28:42', 1),
(162, 'Bạn đã cập nhật hồ sơ trực tuyến', '2023-10-23 22:28:45', 1),
(163, 'Bạn đã cập nhật hồ sơ trực tuyến', '2023-10-23 22:40:36', 1),
(164, 'Bạn đã cập nhật hồ sơ trực tuyến', '2023-10-23 22:40:41', 1),
(165, 'Bạn đã cập nhật hồ sơ trực tuyến', '2023-10-23 22:41:24', 1),
(166, 'Bạn đã cập nhật hồ sơ trực tuyến', '2023-10-23 22:41:25', 1),
(167, 'Bạn đã cập nhật hồ sơ trực tuyến', '2023-10-23 22:41:26', 1),
(168, 'Bạn đã cập nhật hồ sơ trực tuyến', '2023-10-23 22:44:03', 1),
(169, 'Bạn đã cập nhật hồ sơ trực tuyến', '2023-10-23 22:44:05', 1),
(170, 'Bạn đã cập nhật hồ sơ trực tuyến', '2023-10-23 22:44:06', 1),
(171, 'Bạn đã cập nhật hồ sơ trực tuyến', '2023-10-23 22:44:07', 1),
(172, 'Bạn đã cập nhật hồ sơ trực tuyến', '2023-10-23 23:33:08', 1),
(173, 'Bạn đã cập nhật hồ sơ trực tuyến', '2023-10-23 23:33:12', 1),
(174, 'Bạn đã cập nhật thông tin cá nhân', '2023-10-23 23:57:32', 1),
(175, 'Bạn đã cập nhật hồ sơ trực tuyến', '2023-10-24 00:29:54', 1),
(176, 'Bạn đã cập nhật hồ sơ trực tuyến', '2023-10-24 00:29:55', 1),
(177, 'Bạn đã cập nhật hồ sơ trực tuyến', '2023-10-24 00:30:42', 1),
(178, 'Bạn đã cập nhật hồ sơ trực tuyến', '2023-10-24 00:30:45', 1),
(179, 'Bạn đã cập nhật hồ sơ trực tuyến', '2023-10-24 01:11:09', 1),
(180, 'Bạn đã cập nhật hồ sơ trực tuyến', '2023-10-24 01:12:35', 1),
(181, 'Bạn đã cập nhật hồ sơ trực tuyến', '2023-10-24 01:16:20', 1),
(182, 'Bạn đã cập nhật hồ sơ trực tuyến', '2023-10-24 01:16:27', 1),
(183, 'Bạn đã cập nhật hồ sơ trực tuyến', '2023-10-24 01:16:36', 1),
(184, 'Bạn đã cập nhật hồ sơ trực tuyến', '2023-10-24 01:16:38', 1),
(185, 'Bạn đã cập nhật hồ sơ trực tuyến', '2023-10-24 01:26:19', 1),
(186, 'Bạn đã tạo hồ sơ trực tuyến', '2023-10-24 02:41:08', 1),
(187, 'Bạn đã cập nhật thông tin cá nhân', '2023-10-24 05:47:18', 1),
(188, 'Bạn đã cập nhật thông tin cá nhân', '2023-10-24 05:59:41', 1),
(189, 'Bạn đã cập nhật thông tin cá nhân', '2023-10-24 06:09:23', 1),
(190, 'Bạn đã cập nhật thông tin cá nhân', '2023-10-24 06:19:05', 1),
(191, 'Bạn đã cập nhật hồ sơ trực tuyến', '2023-10-24 07:48:58', 1),
(192, 'Bạn đã cập nhật hồ sơ trực tuyến', '2023-10-24 07:48:59', 1),
(193, 'Bạn đã tạo hồ sơ đính kèm', '2023-10-24 13:06:44', 1),
(194, 'Bạn đã cập nhật hồ sơ trực tuyến', '2023-10-24 19:16:50', 1),
(195, 'Bạn đã cập nhật hồ sơ trực tuyến', '2023-10-24 19:21:02', 1),
(196, 'Bạn đã cập nhật hồ sơ trực tuyến', '2023-10-24 19:21:15', 1),
(197, 'Bạn đã cập nhật hồ sơ trực tuyến', '2023-10-24 19:21:30', 1),
(198, 'Bạn đã cập nhật hồ sơ trực tuyến', '2023-10-24 19:30:23', 1),
(199, 'Bạn đã tạo hồ sơ trực tuyến', '2023-10-24 19:31:57', 1),
(200, 'Bạn đã cập nhật hồ sơ trực tuyến', '2023-10-24 19:32:36', 1),
(201, 'Bạn đã tạo hồ sơ trực tuyến', '2023-10-24 19:42:42', 1),
(202, 'Bạn đã cập nhật hồ sơ trực tuyến', '2023-10-24 19:43:09', 1),
(203, 'Bạn đã cập nhật hồ sơ trực tuyến', '2023-10-24 19:43:59', 1),
(204, 'Bạn đã cập nhật hồ sơ trực tuyến', '2023-10-24 21:53:56', 1),
(205, 'Bạn đã cập nhật hồ sơ trực tuyến', '2023-10-24 21:54:35', 1),
(206, 'Bạn đã cập nhật hồ sơ trực tuyến', '2023-10-25 00:56:41', 1),
(207, 'Bạn đã cập nhật hồ sơ trực tuyến', '2023-10-25 00:57:27', 1),
(208, 'Bạn đã cập nhật hồ sơ trực tuyến', '2023-10-25 01:14:00', 1),
(209, 'Bạn đã cập nhật hồ sơ trực tuyến', '2023-10-25 01:15:09', 1),
(210, 'Bạn đã cập nhật hồ sơ trực tuyến', '2023-10-25 01:16:56', 1),
(211, 'Bạn đã cập nhật hồ sơ trực tuyến', '2023-10-25 01:31:11', 1),
(212, 'Bạn đã cập nhật hồ sơ trực tuyến', '2023-10-25 01:31:11', 1),
(213, 'Bạn đã cập nhật hồ sơ trực tuyến', '2023-10-25 01:31:11', 1),
(214, 'Bạn đã cập nhật hồ sơ trực tuyến', '2023-10-25 01:31:11', 1),
(215, 'Bạn đã cập nhật hồ sơ trực tuyến', '2023-10-25 01:31:48', 1),
(216, 'Bạn đã cập nhật hồ sơ trực tuyến', '2023-10-25 01:35:46', 1),
(217, 'Bạn đã cập nhật hồ sơ trực tuyến', '2023-10-25 01:49:41', 1),
(218, 'Bạn đã cập nhật hồ sơ trực tuyến', '2023-10-25 01:52:54', 1),
(219, 'Bạn đã cập nhật hồ sơ trực tuyến', '2023-10-25 03:08:26', 1),
(220, 'Bạn đã cập nhật hồ sơ trực tuyến', '2023-10-25 03:08:47', 1),
(221, 'Bạn đã cập nhật hồ sơ trực tuyến', '2023-10-25 05:54:26', 1),
(222, 'Bạn đã cập nhật hồ sơ trực tuyến', '2023-10-25 05:59:32', 1),
(223, 'Bạn đã cập nhật hồ sơ trực tuyến', '2023-10-25 06:06:58', 1),
(224, 'Bạn đã cập nhật hồ sơ trực tuyến', '2023-10-25 06:07:53', 1),
(225, 'Bạn đã cập nhật hồ sơ trực tuyến', '2023-10-25 06:23:45', 1),
(226, 'Bạn đã cập nhật hồ sơ trực tuyến', '2023-10-25 06:44:03', 1),
(227, 'Bạn đã cập nhật thông tin cá nhân', '2023-10-25 07:37:34', 1),
(228, 'Bạn đã tạo hồ sơ đính kèm', '2023-10-25 07:45:54', 1),
(229, 'Bạn đã cập nhật hồ sơ trực tuyến', '2023-10-25 08:03:14', 1),
(230, 'Bạn đã cập nhật hồ sơ trực tuyến', '2023-10-25 08:03:15', 1),
(231, 'Bạn đã cập nhật hồ sơ trực tuyến', '2023-10-25 08:03:16', 1),
(232, 'Bạn đã cập nhật hồ sơ trực tuyến', '2023-10-25 08:03:17', 1),
(233, 'Bạn đã cập nhật hồ sơ trực tuyến', '2023-10-25 08:47:33', 1),
(234, 'Bạn đã cập nhật hồ sơ trực tuyến', '2023-10-25 08:47:37', 1),
(235, 'Bạn đã cập nhật hồ sơ đính kèm', '2023-10-25 08:47:39', 1),
(236, 'Bạn đã cập nhật hồ sơ đính kèm', '2023-10-25 08:47:39', 1),
(237, 'Bạn đã cập nhật hồ sơ đính kèm', '2023-10-25 08:47:40', 1),
(238, 'Bạn đã cập nhật hồ sơ trực tuyến', '2023-10-25 08:53:46', 1),
(239, 'Bạn đã cập nhật hồ sơ đính kèm', '2023-10-25 08:54:34', 1),
(240, 'Bạn đã cập nhật hồ sơ trực tuyến', '2023-10-25 08:54:51', 1),
(241, 'Bạn đã cập nhật hồ sơ đính kèm', '2023-10-25 08:55:07', 1),
(242, 'Bạn đã cập nhật hồ sơ trực tuyến', '2023-10-25 09:00:53', 1),
(243, 'Bạn đã cập nhật hồ sơ trực tuyến', '2023-10-25 09:00:54', 1),
(244, 'Bạn đã cập nhật hồ sơ đính kèm', '2023-10-25 09:00:55', 1),
(245, 'Bạn đã cập nhật hồ sơ đính kèm', '2023-10-25 09:00:56', 1),
(246, 'Bạn đã cập nhật hồ sơ trực tuyến', '2023-10-25 09:01:07', 1),
(247, 'Bạn đã cập nhật hồ sơ trực tuyến', '2023-10-25 09:01:08', 1),
(248, 'Bạn đã cập nhật hồ sơ đính kèm', '2023-10-25 09:01:08', 1),
(249, 'Bạn đã cập nhật hồ sơ đính kèm', '2023-10-25 09:01:10', 1),
(250, 'Bạn đã cập nhật thông tin cá nhân', '2023-10-25 09:01:58', 1),
(251, 'Bạn đã cập nhật thông tin cá nhân', '2023-10-25 09:02:11', 1),
(252, 'Bạn đã cập nhật thông tin cá nhân', '2023-10-25 09:02:43', 1),
(253, 'Bạn đã cập nhật thông tin cá nhân', '2023-10-25 09:03:40', 1),
(254, 'Bạn đã cập nhật hồ sơ trực tuyến', '2023-10-25 09:04:06', 1),
(255, 'Bạn đã cập nhật hồ sơ trực tuyến', '2023-10-25 09:04:07', 1),
(256, 'Bạn đã cập nhật hồ sơ đính kèm', '2023-10-25 09:04:08', 1),
(257, 'Bạn đã cập nhật hồ sơ đính kèm', '2023-10-25 09:04:08', 1),
(258, 'Bạn đã cập nhật thông tin công ty của bạn', '2023-10-25 09:53:48', 2),
(259, 'Bạn đã cập nhật thông tin công ty của bạn', '2023-10-25 09:53:57', 2),
(260, 'Bạn đã cập nhật thông tin công ty của bạn', '2023-10-25 10:03:10', 2),
(261, 'Bạn đã cập nhật thông tin công ty của bạn', '2023-10-25 10:03:17', 2),
(262, 'Bạn đã cập nhật thông tin cá nhân', '2023-10-25 10:03:26', 2),
(263, 'Bạn đã cập nhật thông tin công ty của bạn', '2023-10-25 10:03:43', 2),
(264, 'Bạn đã cập nhật thông tin cá nhân', '2023-10-25 10:05:17', 2),
(265, 'Bạn đã cập nhật hồ sơ trực tuyến', '2023-10-25 10:07:48', 1),
(266, 'Bạn đã cập nhật hồ sơ đính kèm', '2023-10-25 10:07:51', 1),
(267, 'Bạn đã cập nhật hồ sơ đính kèm', '2023-10-25 10:07:53', 1),
(268, 'Bạn đã cập nhật hồ sơ trực tuyến', '2023-10-25 10:07:54', 1),
(269, 'Bạn đã cập nhật hồ sơ trực tuyến', '2023-10-25 19:40:47', 1),
(270, 'Bạn đã cập nhật hồ sơ trực tuyến', '2023-10-25 19:40:48', 1),
(271, 'Bạn đã cập nhật hồ sơ đính kèm', '2023-10-25 19:40:49', 1),
(272, 'Bạn đã cập nhật hồ sơ đính kèm', '2023-10-25 19:40:50', 1),
(273, 'Bạn đã cập nhật hồ sơ trực tuyến', '2023-10-25 19:41:28', 1),
(274, 'Bạn đã cập nhật thông tin cá nhân', '2023-10-25 19:42:33', 1),
(275, 'Bạn đã cập nhật thông tin cá nhân', '2023-10-25 19:42:52', 1),
(276, 'Bạn đã cập nhật thông tin cá nhân', '2023-10-25 19:53:52', 1),
(277, 'Bạn đã cập nhật thông tin cá nhân', '2023-10-25 19:54:25', 1),
(278, 'Bạn đã cập nhật thông tin cá nhân', '2023-10-25 19:54:27', 1),
(279, 'Bạn đã cập nhật thông tin cá nhân', '2023-10-25 20:00:50', 1),
(280, 'Bạn đã cập nhật thông tin cá nhân', '2023-10-25 20:36:18', 1),
(281, 'Bạn đã cập nhật thông tin cá nhân', '2023-10-25 20:36:50', 1),
(282, 'Bạn đã cập nhật thông tin cá nhân', '2023-10-25 20:40:19', 1),
(283, 'Bạn đã cập nhật thông tin cá nhân', '2023-10-25 20:40:40', 1),
(284, 'Bạn đã cập nhật thông tin cá nhân', '2023-10-25 20:43:13', 1),
(285, 'Bạn đã cập nhật thông tin cá nhân', '2023-10-25 20:45:02', 1),
(286, 'Bạn đã cập nhật thông tin cá nhân', '2023-10-25 20:45:10', 1),
(287, 'Bạn đã cập nhật thông tin cá nhân', '2023-10-25 21:18:42', 1),
(288, 'Bạn đã cập nhật thông tin cá nhân', '2023-10-25 21:18:44', 1),
(289, 'Bạn đã cập nhật thông tin cá nhân', '2023-10-25 21:18:50', 1),
(290, 'Bạn đã cập nhật thông tin cá nhân', '2023-10-25 21:18:57', 1),
(291, 'Bạn đã cập nhật thông tin cá nhân', '2023-10-25 21:50:41', 1),
(292, 'Bạn đã cập nhật thông tin cá nhân', '2023-10-25 21:54:44', 1),
(293, 'Bạn đã cập nhật thông tin cá nhân', '2023-10-25 21:54:57', 1),
(294, 'Bạn đã cập nhật thông tin cá nhân', '2023-10-25 21:55:00', 1),
(295, 'Bạn đã cập nhật thông tin cá nhân', '2023-10-25 21:58:39', 1),
(296, 'Bạn đã cập nhật thông tin cá nhân', '2023-10-25 21:59:28', 1),
(297, 'Bạn đã cập nhật thông tin cá nhân', '2023-10-25 22:16:23', 1),
(298, 'Bạn đã cập nhật thông tin cá nhân', '2023-10-25 22:16:30', 1),
(299, 'Bạn đã cập nhật thông tin cá nhân', '2023-10-25 22:16:36', 1),
(300, 'Bạn đã cập nhật thông tin cá nhân', '2023-10-25 22:16:42', 1),
(301, 'Bạn đã cập nhật thông tin cá nhân', '2023-10-25 22:16:46', 1),
(302, 'Bạn đã cập nhật thông tin cá nhân', '2023-10-25 22:16:51', 1),
(303, 'Bạn đã cập nhật thông tin cá nhân', '2023-10-25 22:17:07', 1),
(304, 'Bạn đã cập nhật thông tin cá nhân', '2023-10-25 22:17:22', 1),
(305, 'Bạn đã cập nhật thông tin cá nhân', '2023-10-25 22:18:18', 1),
(306, 'Bạn đã cập nhật thông tin cá nhân', '2023-10-25 22:26:05', 1),
(307, 'Bạn đã cập nhật thông tin cá nhân', '2023-10-25 22:26:13', 1),
(308, 'Bạn đã cập nhật thông tin cá nhân', '2023-10-25 22:26:27', 1),
(309, 'Bạn đã cập nhật thông tin cá nhân', '2023-10-25 22:26:50', 1),
(310, 'Bạn đã cập nhật thông tin cá nhân', '2023-10-25 22:28:30', 1),
(311, 'Bạn đã cập nhật thông tin cá nhân', '2023-10-25 22:31:45', 1),
(312, 'Bạn đã cập nhật thông tin cá nhân', '2023-10-25 22:32:05', 1),
(313, 'Bạn đã cập nhật thông tin cá nhân', '2023-10-25 22:32:12', 1),
(314, 'Bạn đã cập nhật thông tin cá nhân', '2023-10-25 22:37:04', 1),
(315, 'Bạn đã cập nhật thông tin cá nhân', '2023-10-25 22:37:32', 1),
(316, 'Bạn đã cập nhật thông tin cá nhân', '2023-10-25 22:42:08', 1),
(317, 'Bạn đã cập nhật thông tin cá nhân', '2023-10-25 22:42:16', 1),
(318, 'Bạn đã cập nhật thông tin cá nhân', '2023-10-25 22:42:30', 1),
(319, 'Bạn đã cập nhật thông tin cá nhân', '2023-10-25 22:42:40', 1),
(320, 'Bạn đã cập nhật thông tin cá nhân', '2023-10-25 22:42:49', 1),
(321, 'Bạn đã cập nhật thông tin cá nhân', '2023-10-25 22:43:00', 1),
(322, 'Bạn đã cập nhật thông tin cá nhân', '2023-10-25 22:43:15', 1),
(323, 'Bạn đã cập nhật thông tin cá nhân', '2023-10-25 22:45:42', 1),
(324, 'Bạn đã cập nhật thông tin cá nhân', '2023-10-25 22:45:52', 1),
(325, 'Bạn đã cập nhật thông tin cá nhân', '2023-10-25 22:47:13', 2),
(326, 'Bạn đã cập nhật thông tin cá nhân', '2023-10-25 23:06:10', 2),
(327, 'Bạn đã cập nhật thông tin cá nhân', '2023-10-25 23:06:33', 1),
(328, 'Bạn đã cập nhật thông tin cá nhân', '2023-10-26 00:48:20', 2),
(329, 'Bạn đã cập nhật thông tin cá nhân', '2023-10-26 00:48:25', 2),
(330, 'Bạn đã cập nhật thông tin cá nhân', '2023-10-26 00:51:52', 2),
(331, 'Bạn đã cập nhật hồ sơ đính kèm', '2023-10-26 01:29:33', 1),
(332, 'Bạn đã cập nhật thông tin cá nhân', '2023-10-26 03:05:33', 2),
(333, 'Bạn đã cập nhật thông tin cá nhân', '2023-10-26 06:15:19', 2),
(334, 'Bạn đã cập nhật thông tin cá nhân', '2023-10-26 06:15:26', 2),
(335, 'Bạn đã cập nhật thông tin cá nhân', '2023-10-26 06:30:00', 2),
(336, 'Bạn đã cập nhật thông tin cá nhân', '2023-10-26 08:12:58', 2),
(337, 'Bạn đã cập nhật thông tin cá nhân', '2023-10-26 08:29:25', 2),
(338, 'Bạn đã cập nhật thông tin cá nhân', '2023-10-26 10:13:47', 2),
(339, 'Bạn đã cập nhật thông tin cá nhân', '2023-10-26 10:13:49', 2),
(340, 'Bạn đã cập nhật hồ sơ trực tuyến', '2023-10-26 10:27:11', 1),
(341, 'Bạn đã cập nhật hồ sơ đính kèm', '2023-10-26 10:27:12', 1),
(342, 'Bạn đã cập nhật thông tin cá nhân', '2023-10-26 10:35:12', 1),
(343, 'Bạn đã cập nhật thông tin cá nhân', '2023-10-26 10:35:29', 1),
(344, 'Bạn đã cập nhật thông tin cá nhân', '2023-10-26 10:35:33', 1),
(345, 'Bạn đã cập nhật thông tin cá nhân', '2023-10-26 10:35:54', 2),
(346, 'Bạn đã cập nhật thông tin cá nhân', '2023-10-26 10:36:27', 2),
(347, 'Bạn đã cập nhật thông tin cá nhân', '2023-10-26 10:36:55', 2),
(348, 'Bạn đã cập nhật thông tin cá nhân', '2023-10-26 10:37:54', 2),
(349, 'Bạn đã cập nhật thông tin cá nhân', '2023-10-26 10:49:35', 2),
(350, 'Bạn đã cập nhật hồ sơ đính kèm', '2023-10-26 12:22:09', 1),
(351, 'Bạn đã cập nhật thông tin cá nhân', '2023-10-26 12:40:14', 1),
(352, 'Bạn đã cập nhật thông tin cá nhân', '2023-10-26 12:40:20', 1),
(353, 'Bạn đã cập nhật hồ sơ trực tuyến', '2023-10-26 12:48:01', 1),
(354, 'Bạn đã cập nhật hồ sơ trực tuyến', '2023-10-26 12:48:02', 1),
(355, 'Bạn đã cập nhật hồ sơ trực tuyến', '2023-10-26 12:48:04', 1),
(356, 'Bạn đã cập nhật hồ sơ đính kèm', '2023-10-26 12:48:05', 1),
(357, 'Bạn đã cập nhật hồ sơ trực tuyến', '2023-10-26 12:48:08', 1),
(358, 'Bạn đã cập nhật hồ sơ đính kèm', '2023-10-26 12:48:09', 1),
(359, 'Bạn đã cập nhật hồ sơ trực tuyến', '2023-10-26 12:50:52', 1),
(360, 'Bạn đã cập nhật hồ sơ trực tuyến', '2023-10-26 12:51:09', 1),
(361, 'Bạn đã cập nhật hồ sơ trực tuyến', '2023-10-26 12:51:09', 1),
(362, 'Bạn đã cập nhật hồ sơ trực tuyến', '2023-10-26 12:51:23', 1),
(363, 'Bạn đã cập nhật hồ sơ trực tuyến', '2023-10-26 12:51:24', 1),
(364, 'Bạn đã cập nhật hồ sơ đính kèm', '2023-10-26 12:51:31', 1),
(365, 'Bạn đã cập nhật hồ sơ đính kèm', '2023-10-26 12:51:33', 1),
(366, 'Bạn đã cập nhật hồ sơ trực tuyến', '2023-10-26 12:51:39', 1),
(367, 'Bạn đã cập nhật hồ sơ đính kèm', '2023-10-26 12:51:42', 1),
(368, 'Bạn đã cập nhật hồ sơ đính kèm', '2023-10-26 12:51:43', 1),
(369, 'Bạn đã cập nhật hồ sơ trực tuyến', '2023-10-26 12:51:45', 1),
(370, 'Bạn đã cập nhật hồ sơ trực tuyến', '2023-10-26 12:52:01', 1),
(371, 'Bạn đã cập nhật hồ sơ đính kèm', '2023-10-26 12:52:13', 1),
(372, 'Bạn đã cập nhật hồ sơ trực tuyến', '2023-10-26 12:55:23', 1),
(373, 'Bạn đã cập nhật hồ sơ trực tuyến', '2023-10-26 12:55:23', 1),
(374, 'Bạn đã cập nhật hồ sơ đính kèm', '2023-10-26 12:55:28', 1),
(375, 'Bạn đã cập nhật hồ sơ trực tuyến', '2023-10-26 13:11:46', 1),
(376, 'Bạn đã cập nhật hồ sơ trực tuyến', '2023-10-26 13:14:54', 1),
(377, 'Bạn đã cập nhật hồ sơ trực tuyến', '2023-10-26 13:15:23', 1),
(378, 'Bạn đã cập nhật hồ sơ đính kèm', '2023-10-26 14:03:53', 1),
(379, 'Bạn đã cập nhật thông tin cá nhân', '2023-10-27 10:50:18', 1),
(380, 'Bạn đã cập nhật thông tin cá nhân', '2023-10-27 22:37:32', 1),
(381, 'Bạn đã cập nhật thông tin cá nhân', '2023-10-27 22:49:17', 1),
(382, 'Bạn đã cập nhật thông tin cá nhân', '2023-10-27 22:49:54', 1),
(383, 'Bạn đã cập nhật thông tin cá nhân', '2023-10-27 23:17:47', 1),
(384, 'Bạn đã cập nhật thông tin cá nhân', '2023-10-27 23:17:57', 1),
(385, 'Bạn đã cập nhật thông tin cá nhân', '2023-10-27 23:25:51', 1),
(386, 'Bạn đã cập nhật thông tin cá nhân', '2023-10-27 23:26:17', 1),
(387, 'Bạn đã cập nhật thông tin cá nhân', '2023-10-27 23:26:50', 1),
(388, 'Bạn đã cập nhật thông tin cá nhân', '2023-10-27 23:29:27', 1),
(389, 'Bạn đã cập nhật thông tin cá nhân', '2023-10-27 23:30:06', 1),
(390, 'Bạn đã cập nhật thông tin cá nhân', '2023-10-27 23:31:49', 1),
(391, 'Bạn đã cập nhật thông tin cá nhân', '2023-10-27 23:35:54', 1),
(392, 'Bạn đã cập nhật thông tin cá nhân', '2023-10-27 23:46:39', 1),
(393, 'Bạn đã cập nhật thông tin cá nhân', '2023-10-27 23:57:32', 1),
(394, 'Bạn đã cập nhật thông tin cá nhân', '2023-10-27 23:58:48', 1),
(395, 'Bạn đã cập nhật thông tin cá nhân', '2023-10-28 00:02:06', 1),
(396, 'Bạn đã cập nhật thông tin cá nhân', '2023-10-28 00:06:24', 1),
(397, 'Bạn đã cập nhật thông tin cá nhân', '2023-10-28 00:06:35', 1),
(398, 'Bạn đã cập nhật thông tin cá nhân', '2023-10-28 00:06:52', 1),
(399, 'Bạn đã cập nhật thông tin cá nhân', '2023-10-28 00:08:39', 1),
(400, 'Bạn đã cập nhật thông tin cá nhân', '2023-10-28 00:08:54', 1),
(401, 'Bạn đã cập nhật thông tin cá nhân', '2023-10-28 00:08:59', 1),
(402, 'Bạn đã cập nhật thông tin cá nhân', '2023-10-28 00:09:08', 1),
(403, 'Bạn đã cập nhật thông tin cá nhân', '2023-10-28 00:12:32', 1),
(404, 'Bạn đã cập nhật thông tin cá nhân', '2023-10-28 00:13:00', 1),
(405, 'Bạn đã cập nhật thông tin cá nhân', '2023-10-28 00:13:16', 1),
(406, 'Bạn đã cập nhật thông tin cá nhân', '2023-10-28 00:13:26', 1),
(407, 'Bạn đã cập nhật thông tin cá nhân', '2023-10-28 00:13:36', 1),
(408, 'Bạn đã cập nhật thông tin cá nhân', '2023-10-28 00:13:46', 1),
(409, 'Bạn đã cập nhật thông tin cá nhân', '2023-10-28 00:14:41', 1),
(410, 'Bạn đã cập nhật thông tin cá nhân', '2023-10-28 00:14:57', 1),
(411, 'Bạn đã cập nhật thông tin cá nhân', '2023-10-28 00:16:33', 1),
(412, 'Bạn đã cập nhật thông tin cá nhân', '2023-10-28 00:16:51', 1),
(413, 'Bạn đã cập nhật thông tin cá nhân', '2023-10-28 00:18:06', 1),
(414, 'Bạn đã cập nhật thông tin cá nhân', '2023-10-28 00:18:23', 1),
(415, 'Bạn đã cập nhật thông tin cá nhân', '2023-10-28 00:18:28', 1),
(416, 'Bạn đã cập nhật thông tin cá nhân', '2023-10-28 00:18:36', 1),
(417, 'Bạn đã cập nhật thông tin cá nhân', '2023-10-28 00:19:54', 1),
(418, 'Bạn đã cập nhật thông tin cá nhân', '2023-10-28 00:19:59', 1),
(419, 'Bạn đã cập nhật thông tin cá nhân', '2023-10-28 00:20:06', 1),
(420, 'Bạn đã cập nhật thông tin cá nhân', '2023-10-28 00:21:17', 1),
(421, 'Bạn đã cập nhật thông tin cá nhân', '2023-10-28 00:21:24', 1),
(422, 'Bạn đã cập nhật thông tin cá nhân', '2023-10-28 00:21:33', 1),
(423, 'Bạn đã cập nhật thông tin cá nhân', '2023-10-28 00:21:39', 1),
(424, 'Bạn đã cập nhật thông tin cá nhân', '2023-10-28 00:21:43', 1),
(425, 'Bạn đã cập nhật thông tin cá nhân', '2023-10-28 00:24:18', 1),
(426, 'Bạn đã cập nhật thông tin cá nhân', '2023-10-28 00:24:25', 1),
(427, 'Bạn đã cập nhật thông tin cá nhân', '2023-10-28 00:24:29', 1),
(428, 'Bạn đã cập nhật thông tin cá nhân', '2023-10-28 00:25:05', 1),
(429, 'Bạn đã cập nhật thông tin cá nhân', '2023-10-28 00:25:12', 1),
(430, 'Bạn đã cập nhật thông tin cá nhân', '2023-10-28 00:25:15', 1),
(431, 'Bạn đã cập nhật thông tin cá nhân', '2023-10-28 00:26:04', 1),
(432, 'Bạn đã cập nhật thông tin cá nhân', '2023-10-28 00:28:06', 1),
(433, 'Bạn đã cập nhật thông tin cá nhân', '2023-10-28 00:45:57', 1),
(434, 'Bạn đã cập nhật thông tin cá nhân', '2023-10-28 00:46:10', 1),
(435, 'Bạn đã cập nhật thông tin cá nhân', '2023-10-28 00:46:14', 1),
(436, 'Bạn đã cập nhật thông tin cá nhân', '2023-10-28 00:46:17', 1),
(437, 'Bạn đã cập nhật thông tin cá nhân', '2023-10-28 00:46:24', 1),
(438, 'Bạn đã cập nhật thông tin cá nhân', '2023-10-28 00:47:16', 1),
(439, 'Bạn đã cập nhật thông tin cá nhân', '2023-10-28 00:47:25', 1),
(440, 'Bạn đã cập nhật thông tin cá nhân', '2023-10-28 00:47:28', 1),
(441, 'Bạn đã cập nhật thông tin cá nhân', '2023-10-28 00:47:32', 1),
(442, 'Bạn đã cập nhật thông tin cá nhân', '2023-10-28 00:47:41', 1),
(443, 'Bạn đã cập nhật thông tin cá nhân', '2023-10-28 00:47:44', 1),
(444, 'Bạn đã cập nhật thông tin cá nhân', '2023-10-28 00:47:56', 1),
(445, 'Bạn đã cập nhật thông tin cá nhân', '2023-10-28 00:53:32', 1),
(446, 'Bạn đã cập nhật thông tin cá nhân', '2023-10-28 00:53:50', 1),
(447, 'Bạn đã cập nhật thông tin cá nhân', '2023-10-28 01:04:18', 1),
(448, 'Bạn đã cập nhật thông tin cá nhân', '2023-10-28 01:04:30', 1),
(449, 'Bạn đã cập nhật thông tin cá nhân', '2023-10-28 01:04:35', 1),
(450, 'Bạn đã cập nhật thông tin cá nhân', '2023-10-28 01:09:41', 1),
(451, 'Bạn đã cập nhật thông tin cá nhân', '2023-10-28 01:25:05', 1),
(452, 'Bạn đã cập nhật thông tin cá nhân', '2023-10-28 01:25:11', 1),
(453, 'Bạn đã cập nhật thông tin cá nhân', '2023-10-28 01:25:13', 1),
(454, 'Bạn đã cập nhật thông tin cá nhân', '2023-10-28 01:25:22', 1),
(455, 'Bạn đã cập nhật thông tin cá nhân', '2023-10-28 01:26:12', 1),
(456, 'Bạn đã cập nhật thông tin cá nhân', '2023-10-28 01:26:36', 1),
(457, 'Bạn đã cập nhật hồ sơ trực tuyến', '2023-10-28 01:27:05', 1),
(458, 'Bạn đã cập nhật hồ sơ trực tuyến', '2023-10-28 01:27:06', 1),
(459, 'Bạn đã cập nhật hồ sơ đính kèm', '2023-10-28 01:27:07', 1),
(460, 'Bạn đã cập nhật hồ sơ đính kèm', '2023-10-28 01:27:08', 1),
(461, 'Bạn đã cập nhật hồ sơ đính kèm', '2023-10-28 01:27:09', 1),
(462, 'Bạn đã cập nhật hồ sơ đính kèm', '2023-10-28 01:27:10', 1),
(463, 'Bạn đã cập nhật hồ sơ đính kèm', '2023-10-28 01:27:11', 1),
(464, 'Bạn đã cập nhật hồ sơ đính kèm', '2023-10-28 01:27:14', 1),
(465, 'Bạn đã cập nhật thông tin cá nhân', '2023-10-28 01:33:30', 1),
(466, 'Bạn đã cập nhật thông tin cá nhân', '2023-10-28 01:33:36', 1),
(467, 'Bạn đã cập nhật thông tin cá nhân', '2023-10-28 01:34:13', 1),
(468, 'Bạn đã cập nhật hồ sơ đính kèm', '2023-10-28 01:41:29', 1),
(469, 'Bạn đã cập nhật hồ sơ trực tuyến', '2023-10-28 01:42:36', 1),
(470, 'Bạn đã cập nhật thông tin cá nhân', '2023-10-28 02:15:26', 4),
(471, 'Bạn đã tạo hồ sơ trực tuyến', '2023-10-28 02:16:27', 4),
(472, 'Bạn đã cập nhật đăng tuyển Lập trình ', '2023-10-28 08:32:07', 2),
(473, 'Bạn đã cập nhật đăng tuyển Web FullStack', '2023-10-28 08:32:41', 2),
(474, 'Bạn đã cập nhật hồ sơ trực tuyến', '2023-10-28 08:36:30', 1),
(475, 'Bạn đã cập nhật hồ sơ trực tuyến', '2023-10-28 08:36:44', 1),
(476, 'Bạn đã cập nhật hồ sơ trực tuyến', '2023-10-28 08:39:47', 1),
(477, 'Bạn đã cập nhật hồ sơ trực tuyến', '2023-10-28 08:41:38', 1),
(479, 'Bạn đã tạo hồ sơ trực tuyến', '2023-10-28 09:12:13', 1),
(480, 'Bạn đã cập nhật hồ sơ trực tuyến', '2023-10-28 09:12:28', 1),
(481, 'Bạn đã tạo hồ sơ trực tuyến', '2023-10-28 09:17:03', 1),
(482, 'Bạn đã tạo hồ sơ đính kèm', '2023-10-28 09:37:11', 1),
(483, 'Bạn đã cập nhật hồ sơ đính kèm', '2023-10-28 09:38:55', 1),
(484, 'Bạn đã cập nhật hồ sơ đính kèm', '2023-10-28 09:39:00', 1),
(485, 'Bạn đã cập nhật hồ sơ đính kèm', '2023-10-28 09:39:04', 1),
(486, 'Bạn đã cập nhật hồ sơ đính kèm', '2023-10-28 09:39:06', 1),
(487, 'Bạn đã cập nhật hồ sơ đính kèm', '2023-10-28 09:40:34', 1),
(488, 'Bạn đã tạo hồ sơ trực tuyến', '2023-10-28 09:45:44', 1),
(489, 'Bạn đã cập nhật hồ sơ trực tuyến', '2023-10-28 09:46:23', 1),
(490, 'Bạn đã cập nhật hồ sơ đính kèm', '2023-10-28 09:46:24', 1),
(491, 'Bạn đã cập nhật hồ sơ đính kèm', '2023-10-28 09:52:54', 1),
(492, 'Bạn đã cập nhật hồ sơ trực tuyến', '2023-10-28 09:52:55', 1),
(493, 'Bạn đã cập nhật hồ sơ trực tuyến', '2023-10-28 09:52:57', 1),
(494, 'Bạn đã cập nhật hồ sơ trực tuyến', '2023-10-28 09:52:58', 1),
(495, 'Bạn đã cập nhật hồ sơ trực tuyến', '2023-10-28 09:53:01', 1),
(496, 'Bạn đã cập nhật hồ sơ trực tuyến', '2023-10-28 09:53:34', 1),
(497, 'Bạn đã cập nhật hồ sơ trực tuyến', '2023-10-28 09:53:34', 1),
(498, 'Bạn đã cập nhật hồ sơ đính kèm', '2023-10-28 09:53:35', 1),
(499, 'Bạn đã cập nhật hồ sơ đính kèm', '2023-10-28 09:53:35', 1),
(500, 'Bạn đã cập nhật hồ sơ trực tuyến', '2023-10-28 09:53:39', 1),
(501, 'Bạn đã cập nhật hồ sơ trực tuyến', '2023-10-28 09:53:40', 1),
(502, 'Bạn đã cập nhật hồ sơ đính kèm', '2023-10-28 09:53:41', 1),
(503, 'Bạn đã cập nhật hồ sơ trực tuyến', '2023-10-28 09:53:55', 1),
(504, 'Bạn đã cập nhật hồ sơ trực tuyến', '2023-10-28 09:53:55', 1),
(505, 'Bạn đã cập nhật hồ sơ đính kèm', '2023-10-28 09:53:57', 1),
(506, 'Bạn đã cập nhật hồ sơ đính kèm', '2023-10-28 09:53:57', 1),
(507, 'Bạn đã cập nhật hồ sơ đính kèm', '2023-10-28 09:54:06', 1),
(508, 'Bạn đã cập nhật hồ sơ trực tuyến', '2023-10-28 09:54:28', 1),
(509, 'Bạn đã cập nhật hồ sơ trực tuyến', '2023-10-28 09:54:29', 1),
(510, 'Bạn đã cập nhật hồ sơ đính kèm', '2023-10-28 09:55:30', 1),
(511, 'Bạn đã cập nhật hồ sơ đính kèm', '2023-10-28 10:02:17', 1),
(512, 'Bạn đã tạo hồ sơ trực tuyến', '2023-10-28 10:54:36', 1),
(513, 'Bạn đã tạo hồ sơ đính kèm', '2023-10-28 11:08:04', 1),
(514, 'Bạn đã cập nhật hồ sơ đính kèm', '2023-10-28 11:09:20', 1),
(515, 'Bạn đã cập nhật hồ sơ đính kèm', '2023-10-28 11:11:30', 1),
(516, 'Bạn đã cập nhật hồ sơ đính kèm', '2023-10-28 11:11:32', 1),
(517, 'Bạn đã tạo hồ sơ trực tuyến', '2023-10-28 11:12:33', 1),
(518, 'Bạn đã tạo hồ sơ đính kèm', '2023-10-28 11:13:48', 1),
(519, 'Bạn đã cập nhật thông tin cá nhân', '2023-10-28 11:53:34', 1),
(520, 'Bạn đã tạo hồ sơ trực tuyến', '2023-10-28 16:44:13', 1),
(521, 'Bạn đã cập nhật hồ sơ trực tuyến', '2023-10-28 21:52:53', 1),
(522, 'Bạn đã cập nhật hồ sơ trực tuyến', '2023-10-28 22:15:59', 1),
(523, 'Bạn đã cập nhật hồ sơ trực tuyến', '2023-10-28 22:16:24', 1),
(524, 'Bạn đã cập nhật thông tin cá nhân', '2023-10-28 22:35:46', 1),
(525, 'Bạn đã cập nhật thông tin cá nhân', '2023-10-28 22:39:22', 1),
(526, 'Bạn đã cập nhật thông tin cá nhân', '2023-10-28 22:50:48', 1),
(527, 'Bạn đã cập nhật thông tin cá nhân', '2023-10-28 22:51:17', 1),
(528, 'Bạn đã cập nhật thông tin cá nhân', '2023-10-28 22:51:48', 1),
(529, 'Bạn đã cập nhật thông tin cá nhân', '2023-10-28 22:53:24', 1),
(530, 'Bạn đã cập nhật thông tin cá nhân', '2023-10-28 22:56:53', 1),
(531, 'Bạn đã cập nhật thông tin cá nhân', '2023-10-28 22:57:00', 1),
(532, 'Bạn đã cập nhật thông tin cá nhân', '2023-10-28 22:57:04', 1),
(533, 'Bạn đã cập nhật thông tin cá nhân', '2023-10-28 22:57:08', 1),
(534, 'Bạn đã cập nhật thông tin cá nhân', '2023-10-28 23:02:24', 2),
(535, 'Bạn đã cập nhật đăng tuyển Web FullStack', '2023-10-28 23:03:26', 2),
(536, 'Bạn đã cập nhật thông tin cá nhân', '2023-10-28 23:07:16', 2),
(537, 'Bạn đã cập nhật thông tin cá nhân', '2023-10-28 23:07:26', 2),
(538, 'Đăng tuyển của bạn đang chờ duyệt', '2023-10-28 23:09:43', 2),
(539, 'Bạn đã cập nhật thông tin cá nhân', '2023-10-28 23:10:49', 2),
(540, 'Bạn đã cập nhật thông tin cá nhân', '2023-10-28 23:11:15', 2),
(541, 'Bạn đã cập nhật thông tin cá nhân', '2023-10-28 23:11:22', 2),
(542, 'Bạn đã cập nhật thông tin cá nhân', '2023-10-28 23:11:27', 2),
(543, 'Bạn đã cập nhật thông tin cá nhân', '2023-10-28 23:12:07', 1),
(544, 'Bạn đã cập nhật thông tin cá nhân', '2023-10-28 23:12:14', 1),
(545, 'Bạn đã cập nhật thông tin cá nhân', '2023-10-28 23:13:02', 1),
(546, 'Bạn đã cập nhật thông tin cá nhân', '2023-10-28 23:13:58', 1),
(547, 'Bạn đã cập nhật thông tin cá nhân', '2023-10-28 23:14:09', 1),
(548, 'Bạn đã cập nhật thông tin cá nhân', '2023-10-28 23:16:04', 1),
(549, 'Bạn đã cập nhật thông tin cá nhân', '2023-10-28 23:16:11', 1),
(550, 'Bạn đã cập nhật thông tin cá nhân', '2023-10-28 23:16:19', 1),
(551, 'Bạn đã cập nhật thông tin cá nhân', '2023-10-28 23:30:17', 1),
(552, 'Bạn đã cập nhật thông tin cá nhân', '2023-10-28 23:30:40', 1),
(553, 'Bạn đã cập nhật thông tin cá nhân', '2023-10-29 00:17:29', 1),
(554, 'Bạn đã cập nhật thông tin cá nhân', '2023-10-29 00:21:23', 1),
(555, 'Bạn đã cập nhật thông tin cá nhân', '2023-10-29 00:23:35', 1),
(556, 'Bạn đã cập nhật thông tin cá nhân', '2023-10-29 01:58:07', 1),
(557, 'Bạn đã cập nhật thông tin cá nhân', '2023-10-29 01:58:16', 1),
(558, 'Bạn đã cập nhật thông tin cá nhân', '2023-10-29 02:58:23', 1),
(559, 'Bạn đã cập nhật thông tin cá nhân', '2023-10-29 02:58:39', 1),
(560, 'Bạn đã cập nhật thông tin cá nhân', '2023-10-29 03:00:26', 1),
(561, 'Bạn đã cập nhật thông tin cá nhân', '2023-10-29 03:02:48', 1),
(562, 'Bạn đã cập nhật thông tin cá nhân', '2023-10-29 03:03:07', 1),
(563, 'Bạn đã cập nhật thông tin cá nhân', '2023-10-29 03:03:11', 1),
(564, 'Bạn đã cập nhật thông tin cá nhân', '2023-10-29 03:07:13', 1),
(565, 'Bạn đã cập nhật thông tin cá nhân', '2023-10-29 03:07:23', 1),
(566, 'Bạn đã cập nhật hồ sơ trực tuyến', '2023-10-29 03:11:33', 1),
(567, 'Bạn đã cập nhật hồ sơ trực tuyến', '2023-10-29 03:12:16', 1),
(568, 'Bạn đã cập nhật hồ sơ trực tuyến', '2023-10-29 03:14:51', 1),
(569, 'Bạn đã cập nhật hồ sơ trực tuyến', '2023-10-29 03:24:29', 1),
(570, 'Bạn đã cập nhật hồ sơ trực tuyến', '2023-10-29 05:58:04', 1),
(571, 'Bạn đã cập nhật đăng tuyển Lập trình ', '2023-10-29 06:12:01', 2),
(572, 'Bạn đã cập nhật hồ sơ trực tuyến', '2023-10-29 08:19:56', 1),
(573, 'Bạn đã cập nhật hồ sơ trực tuyến', '2023-10-29 09:30:14', 1),
(574, 'Bạn đã cập nhật thông tin cá nhân', '2023-10-29 09:32:57', 1),
(575, 'Bạn đã cập nhật ảnh đại diện', '2023-10-29 09:55:12', 1),
(576, 'Bạn đã cập nhật ảnh đại diện', '2023-10-29 09:56:07', 1),
(577, 'Bạn đã cập nhật ảnh đại diện', '2023-10-29 09:56:51', 1),
(578, 'Bạn đã cập nhật ảnh đại diện', '2023-10-29 10:01:15', 1),
(579, 'Bạn đã cập nhật ảnh đại diện', '2023-10-29 10:01:17', 1),
(580, 'Bạn đã cập nhật ảnh đại diện', '2023-10-29 10:04:10', 1),
(581, 'Bạn đã cập nhật ảnh đại diện', '2023-10-29 10:06:43', 1),
(582, 'Bạn đã cập nhật ảnh đại diện', '2023-10-29 10:31:12', 1),
(583, 'Bạn đã cập nhật ảnh đại diện', '2023-10-29 11:01:07', 1),
(584, 'Bạn đã cập nhật ảnh đại diện', '2023-10-29 11:09:22', 1),
(585, 'Bạn đã cập nhật ảnh đại diện', '2023-10-29 11:09:28', 1),
(586, 'Bạn đã cập nhật ảnh đại diện', '2023-10-29 11:12:28', 1),
(587, 'Bạn đã cập nhật ảnh đại diện', '2023-10-29 11:12:31', 1),
(588, 'Bạn đã cập nhật ảnh đại diện', '2023-10-29 11:12:37', 1),
(589, 'Bạn đã cập nhật ảnh đại diện', '2023-10-29 11:12:39', 1),
(590, 'Bạn đã cập nhật ảnh đại diện', '2023-10-29 11:12:43', 1),
(591, 'Bạn đã cập nhật ảnh đại diện', '2023-10-29 11:12:47', 1),
(592, 'Bạn đã cập nhật ảnh đại diện', '2023-10-29 11:12:57', 1),
(593, 'Bạn đã cập nhật ảnh đại diện', '2023-10-29 11:13:08', 1),
(594, 'Bạn đã cập nhật ảnh đại diện', '2023-10-29 11:14:09', 1),
(595, 'Bạn đã cập nhật ảnh đại diện', '2023-10-29 11:14:11', 1),
(596, 'Bạn đã cập nhật ảnh đại diện', '2023-10-29 11:14:55', 1),
(597, 'Bạn đã cập nhật ảnh đại diện', '2023-10-29 12:09:20', 1),
(598, 'Bạn đã cập nhật ảnh đại diện', '2023-10-29 12:45:45', 1),
(599, 'Bạn đã cập nhật ảnh đại diện', '2023-10-29 12:46:51', 1),
(600, 'Bạn đã cập nhật ảnh đại diện', '2023-10-29 12:47:02', 1),
(601, 'Bạn đã tạo hồ sơ đính kèm', '2023-10-29 23:01:00', 1),
(602, 'Bạn đã cập nhật hồ sơ đính kèm', '2023-10-29 23:01:33', 1),
(603, 'Bạn đã cập nhật hồ sơ đính kèm', '2023-10-29 23:45:52', 1),
(604, 'Bạn đã cập nhật thông tin cá nhân', '2023-10-29 23:56:36', 1),
(605, 'Bạn đã cập nhật hồ sơ đính kèm', '2023-10-29 23:56:39', 1),
(606, 'Bạn đã cập nhật hồ sơ đính kèm', '2023-10-30 00:18:47', 1),
(607, 'Bạn đã cập nhật hồ sơ đính kèm', '2023-10-30 00:18:59', 1),
(608, 'Bạn đã cập nhật hồ sơ đính kèm', '2023-10-30 01:24:40', 1),
(609, 'Bạn đã cập nhật hồ sơ đính kèm', '2023-10-30 01:25:24', 1),
(610, 'Bạn đã cập nhật hồ sơ đính kèm', '2023-10-30 01:25:51', 1),
(611, 'Bạn đã cập nhật hồ sơ đính kèm', '2023-10-30 01:26:17', 1),
(612, 'Bạn đã cập nhật hồ sơ đính kèm', '2023-10-30 01:28:22', 1),
(613, 'Bạn đã cập nhật hồ sơ đính kèm', '2023-10-30 01:28:36', 1),
(614, 'Bạn đã cập nhật hồ sơ đính kèm', '2023-10-30 01:29:02', 1),
(615, 'Bạn đã cập nhật hồ sơ đính kèm', '2023-10-30 01:34:30', 1),
(616, 'Bạn đã cập nhật hồ sơ đính kèm', '2023-10-30 01:38:48', 1),
(617, 'Bạn đã cập nhật hồ sơ đính kèm', '2023-10-30 02:00:58', 1),
(618, 'Bạn đã cập nhật hồ sơ đính kèm', '2023-10-30 02:01:27', 1),
(619, 'Bạn đã cập nhật hồ sơ đính kèm', '2023-10-30 02:04:03', 1),
(620, 'Bạn đã cập nhật hồ sơ đính kèm', '2023-10-30 02:09:23', 1),
(621, 'Bạn đã cập nhật hồ sơ đính kèm', '2023-10-30 02:11:32', 1),
(622, 'Bạn đã cập nhật hồ sơ đính kèm', '2023-10-30 02:11:41', 1),
(623, 'Bạn đã cập nhật hồ sơ đính kèm', '2023-10-30 02:12:03', 1),
(624, 'Bạn đã cập nhật hồ sơ đính kèm', '2023-10-30 02:17:55', 1),
(625, 'Bạn đã cập nhật hồ sơ đính kèm', '2023-10-30 02:19:48', 1),
(626, 'Bạn đã tạo hồ sơ đính kèm', '2023-10-30 02:23:08', 4),
(627, 'Bạn đã cập nhật hồ sơ đính kèm', '2023-10-30 02:23:49', 4),
(628, 'Bạn đã cập nhật hồ sơ đính kèm', '2023-10-30 02:31:07', 4),
(629, 'Bạn đã cập nhật hồ sơ đính kèm', '2023-10-30 02:31:55', 4),
(630, 'Bạn đã cập nhật thông tin cá nhân', '2023-10-30 03:01:06', 4),
(631, 'Bạn đã cập nhật hồ sơ đính kèm', '2023-10-30 03:01:14', 4),
(632, 'Bạn đã cập nhật thông tin cá nhân', '2023-10-30 03:02:45', 4),
(633, 'Bạn đã cập nhật hồ sơ đính kèm', '2023-10-30 03:02:49', 4),
(634, 'Bạn đã cập nhật hồ sơ đính kèm', '2023-10-30 03:02:55', 4),
(635, 'Bạn đã cập nhật hồ sơ đính kèm', '2023-10-30 03:03:07', 4),
(636, 'Bạn đã cập nhật hồ sơ đính kèm', '2023-10-30 03:03:53', 4),
(637, 'Bạn đã cập nhật hồ sơ đính kèm', '2023-10-30 03:03:55', 4),
(638, 'Bạn đã cập nhật thông tin cá nhân', '2023-10-30 03:04:01', 4),
(639, 'Bạn đã cập nhật hồ sơ đính kèm', '2023-10-30 03:04:05', 4),
(640, 'Bạn đã cập nhật thông tin cá nhân', '2023-10-30 03:07:20', 4),
(641, 'Bạn đã cập nhật hồ sơ đính kèm', '2023-10-30 03:07:23', 4),
(642, 'Bạn đã cập nhật thông tin cá nhân', '2023-10-30 03:09:53', 4),
(643, 'Bạn đã cập nhật thông tin cá nhân', '2023-10-30 03:10:05', 4),
(644, 'Bạn đã cập nhật hồ sơ đính kèm', '2023-10-30 03:10:11', 4),
(645, 'Bạn đã tạo hồ sơ trực tuyến', '2023-10-30 04:51:23', 4),
(646, 'Bạn đã cập nhật hồ sơ trực tuyến', '2023-10-30 04:51:29', 4),
(647, 'Bạn đã cập nhật hồ sơ đính kèm', '2023-10-30 05:07:48', 4),
(648, 'Bạn đã cập nhật thông tin cá nhân', '2023-10-30 05:30:28', 1),
(649, 'Bạn đã cập nhật thông tin cá nhân', '2023-10-30 05:36:41', 1),
(650, 'Bạn đã tạo hồ sơ trực tuyến', '2023-10-30 06:37:17', 1),
(651, 'Bạn đã tạo hồ sơ trực tuyến', '2023-10-30 06:54:20', 4),
(652, 'Bạn đã cập nhật thông tin cá nhân', '2023-10-30 08:19:08', 1),
(653, 'Bạn đã tạo hồ sơ đính kèm', '2023-10-30 08:19:12', 1),
(654, 'Bạn đã cập nhật thông tin cá nhân', '2023-10-30 09:40:30', 4),
(655, 'Bạn đã tạo hồ sơ đính kèm', '2023-10-30 09:41:06', 4),
(656, 'Bạn đã cập nhật hồ sơ đính kèm', '2023-10-30 09:43:37', 4),
(657, 'Bạn đã cập nhật hồ sơ đính kèm', '2023-10-30 09:43:56', 4),
(658, 'Bạn đã tạo hồ sơ trực tuyến', '2023-10-30 10:03:57', 4),
(659, 'Bạn đã cập nhật hồ sơ trực tuyến', '2023-10-30 10:04:05', 4),
(660, 'Bạn đã cập nhật thông tin cá nhân', '2023-10-30 10:05:40', 4),
(661, 'Bạn đã cập nhật thông tin cá nhân', '2023-10-30 10:13:10', 4),
(662, 'Bạn đã cập nhật hồ sơ trực tuyến', '2023-10-30 10:13:12', 4),
(663, 'Bạn đã cập nhật thông tin cá nhân', '2023-10-30 10:13:22', 4),
(664, 'Bạn đã cập nhật thông tin cá nhân', '2023-10-30 10:14:13', 4),
(665, 'Bạn đã cập nhật thông tin cá nhân', '2023-10-30 10:14:25', 4),
(666, 'Bạn đã cập nhật thông tin cá nhân', '2023-10-30 10:14:34', 4),
(667, 'Bạn đã cập nhật thông tin cá nhân', '2023-10-30 10:14:38', 4),
(668, 'Bạn đã cập nhật thông tin cá nhân', '2023-10-30 10:14:53', 4),
(669, 'Bạn đã cập nhật thông tin cá nhân', '2023-10-30 10:14:56', 4),
(670, 'Bạn đã cập nhật thông tin cá nhân', '2023-10-30 10:14:58', 4),
(671, 'Bạn đã cập nhật thông tin cá nhân', '2023-10-30 10:15:01', 4),
(672, 'Bạn đã cập nhật thông tin cá nhân', '2023-10-30 10:15:04', 4),
(673, 'Bạn đã cập nhật thông tin cá nhân', '2023-10-30 10:15:15', 4),
(674, 'Bạn đã cập nhật thông tin cá nhân', '2023-10-30 10:17:31', 4),
(675, 'Bạn đã cập nhật thông tin cá nhân', '2023-10-30 10:17:34', 4),
(676, 'Bạn đã cập nhật thông tin cá nhân', '2023-10-30 10:22:59', 4),
(677, 'Bạn đã cập nhật thông tin cá nhân', '2023-10-30 10:25:51', 4),
(678, 'Bạn đã cập nhật thông tin cá nhân', '2023-10-30 10:26:07', 4),
(679, 'Bạn đã cập nhật thông tin cá nhân', '2023-10-30 10:26:13', 4),
(680, 'Bạn đã cập nhật thông tin cá nhân', '2023-10-30 10:26:16', 4),
(681, 'Bạn đã cập nhật thông tin cá nhân', '2023-10-30 10:26:22', 4),
(682, 'Bạn đã cập nhật thông tin cá nhân', '2023-10-30 10:26:56', 4),
(683, 'Bạn đã cập nhật thông tin cá nhân', '2023-10-30 10:44:20', 4),
(684, 'Bạn đã cập nhật hồ sơ trực tuyến', '2023-10-30 10:44:26', 4),
(685, 'Bạn đã cập nhật hồ sơ trực tuyến', '2023-10-30 10:44:27', 4),
(686, 'Bạn đã cập nhật hồ sơ đính kèm', '2023-10-30 10:44:28', 4),
(687, 'Bạn đã cập nhật hồ sơ đính kèm', '2023-10-30 10:44:28', 4),
(688, 'Bạn đã cập nhật hồ sơ trực tuyến', '2023-10-30 11:22:08', 4),
(689, 'Bạn đã cập nhật hồ sơ đính kèm', '2023-10-30 11:22:12', 4),
(690, 'Bạn đã cập nhật hồ sơ trực tuyến', '2023-10-30 11:22:33', 4),
(691, 'Bạn đã cập nhật hồ sơ đính kèm', '2023-10-30 11:22:49', 4),
(692, 'Bạn đã cập nhật thông tin cá nhân', '2023-10-30 11:25:51', 4),
(693, 'Bạn đã cập nhật hồ sơ đính kèm', '2023-10-30 11:25:53', 4),
(694, 'Bạn đã cập nhật hồ sơ đính kèm', '2023-10-30 11:26:17', 4),
(695, 'Bạn đã cập nhật hồ sơ trực tuyến', '2023-10-30 11:26:42', 4),
(696, 'Bạn đã cập nhật hồ sơ đính kèm', '2023-10-30 11:26:55', 4),
(697, 'Bạn đã cập nhật hồ sơ đính kèm', '2023-10-30 11:28:07', 4),
(698, 'Bạn đã cập nhật thông tin cá nhân', '2023-10-30 12:56:33', 4),
(699, 'Bạn đã cập nhật thông tin cá nhân', '2023-10-30 12:57:11', 4),
(700, 'Bạn đã cập nhật ảnh đại diện', '2023-10-30 13:00:26', 4),
(701, 'Bạn đã cập nhật ảnh đại diện', '2023-10-30 13:03:52', 4),
(702, 'Bạn đã cập nhật ảnh đại diện', '2023-10-30 13:04:02', 4),
(703, 'Bạn đã cập nhật ảnh đại diện', '2023-10-30 13:04:12', 4),
(704, 'Bạn đã cập nhật ảnh đại diện', '2023-10-30 13:04:22', 4),
(705, 'Bạn đã cập nhật ảnh đại diện', '2023-10-30 13:04:28', 4),
(706, 'Bạn đã cập nhật ảnh đại diện', '2023-10-30 13:10:10', 4),
(707, 'Bạn đã cập nhật ảnh đại diện', '2023-10-30 13:10:13', 4),
(708, 'Bạn đã cập nhật ảnh đại diện', '2023-10-30 13:10:19', 4),
(709, 'Bạn đã cập nhật thông tin cá nhân', '2023-10-30 13:10:50', 4),
(710, 'Bạn đã cập nhật thông tin cá nhân', '2023-10-30 13:10:54', 4),
(711, 'Bạn đã cập nhật thông tin cá nhân', '2023-10-30 13:11:01', 4),
(712, 'Bạn đã cập nhật thông tin cá nhân', '2023-10-30 13:11:21', 4),
(713, 'Bạn đã cập nhật thông tin cá nhân', '2023-10-30 13:11:26', 4),
(714, 'Bạn đã cập nhật thông tin cá nhân', '2023-10-30 13:13:27', 4),
(715, 'Bạn đã cập nhật thông tin cá nhân', '2023-10-30 13:13:31', 4),
(716, 'Bạn đã cập nhật thông tin cá nhân', '2023-10-30 13:13:49', 4),
(717, 'Bạn đã cập nhật thông tin cá nhân', '2023-10-30 13:14:48', 4),
(718, 'Bạn đã cập nhật ảnh đại diện', '2023-10-30 20:23:39', 2),
(719, 'Bạn đã cập nhật ảnh đại diện', '2023-10-30 20:23:41', 2),
(720, 'Bạn đã cập nhật ảnh đại diện', '2023-10-30 20:23:47', 2),
(721, 'Bạn đã cập nhật ảnh đại diện', '2023-10-30 20:24:17', 2),
(722, 'Bạn đã cập nhật ảnh đại diện', '2023-10-30 20:24:40', 2),
(723, 'Bạn đã cập nhật thông tin cá nhân', '2023-10-30 20:32:01', 1),
(724, 'Bạn đã cập nhật thông tin cá nhân', '2023-10-30 20:32:09', 1),
(725, 'Bạn đã cập nhật hồ sơ đính kèm', '2023-10-30 20:32:56', 1),
(726, 'Bạn đã cập nhật thông tin cá nhân', '2023-10-30 20:49:22', 1),
(727, 'Bạn đã cập nhật thông tin cá nhân', '2023-10-30 20:49:55', 1),
(728, 'Bạn đã cập nhật thông tin cá nhân', '2023-10-30 20:54:35', 1),
(729, 'Bạn đã cập nhật thông tin cá nhân', '2023-10-30 20:55:59', 1),
(730, 'Bạn đã cập nhật thông tin cá nhân', '2023-10-30 20:59:01', 1),
(731, 'Bạn đã cập nhật ảnh đại diện', '2023-10-30 21:05:19', 1),
(732, 'Bạn đã cập nhật thông tin cá nhân', '2023-10-30 21:05:19', 1),
(733, 'Bạn đã cập nhật thông tin cá nhân', '2023-10-30 21:12:35', 1),
(734, 'Bạn đã cập nhật thông tin cá nhân', '2023-10-30 21:17:51', 1),
(735, 'Bạn đã cập nhật ảnh đại diện', '2023-10-30 21:17:52', 1),
(736, 'Bạn đã cập nhật thông tin cá nhân', '2023-10-30 21:24:24', 1),
(737, 'Bạn đã cập nhật thông tin cá nhân', '2023-10-30 21:26:28', 1),
(738, 'Bạn đã cập nhật thông tin cá nhân', '2023-10-30 21:27:07', 1),
(739, 'Bạn đã cập nhật ảnh đại diện', '2023-10-30 21:27:09', 1),
(740, 'Bạn đã cập nhật thông tin cá nhân', '2023-10-30 21:27:34', 1),
(741, 'Bạn đã cập nhật thông tin cá nhân', '2023-10-30 21:28:04', 1),
(742, 'Bạn đã cập nhật thông tin cá nhân', '2023-10-30 21:28:19', 1),
(743, 'Bạn đã cập nhật thông tin cá nhân', '2023-10-30 21:28:29', 1),
(744, 'Bạn đã cập nhật thông tin cá nhân', '2023-10-30 21:28:38', 1),
(745, 'Bạn đã cập nhật ảnh đại diện', '2023-10-30 21:28:38', 1),
(746, 'Bạn đã cập nhật thông tin cá nhân', '2023-10-30 21:35:17', 1),
(747, 'Bạn đã cập nhật thông tin cá nhân', '2023-10-30 21:35:26', 1),
(748, 'Bạn đã cập nhật ảnh đại diện', '2023-10-30 21:35:26', 1);
INSERT INTO `notification` (`notificationId`, `content`, `dateAndTime`, `userUserId`) VALUES
(749, 'Bạn đã cập nhật ảnh đại diện', '2023-10-30 22:02:48', 1),
(750, 'Bạn đã cập nhật ảnh đại diện', '2023-10-30 22:02:59', 1),
(751, 'Bạn đã cập nhật ảnh đại diện', '2023-10-30 22:03:00', 1),
(752, 'Bạn đã cập nhật hồ sơ đính kèm', '2023-10-30 22:16:50', 1),
(753, 'Bạn đã cập nhật hồ sơ đính kèm', '2023-10-30 22:16:58', 1),
(754, 'Bạn đã cập nhật ảnh đại diện', '2023-11-07 19:33:20', 1),
(755, 'Bạn đã cập nhật thông tin cá nhân', '2023-11-07 19:33:57', 1),
(756, 'Bạn đã cập nhật hồ sơ đính kèm', '2023-11-07 19:50:53', 1),
(757, 'Bạn đã cập nhật hồ sơ đính kèm', '2023-11-07 19:50:55', 1),
(758, 'Bạn đã cập nhật ảnh đại diện', '2023-11-19 05:28:35', 4),
(759, 'Bạn đã cập nhật ảnh đại diện', '2023-11-19 05:28:35', 4),
(760, 'Bạn đã cập nhật ảnh đại diện', '2023-11-19 05:29:19', 4),
(761, 'Bạn đã cập nhật ảnh đại diện', '2023-11-19 05:29:32', 4),
(762, 'Bạn đã cập nhật đăng tuyển Lập trình ', '2023-12-08 22:46:28', 2),
(763, 'Bạn đã cập nhật đăng tuyển Lập trình ', '2023-12-08 22:47:08', 2),
(764, 'Bạn đã cập nhật đăng tuyển Lập trình ', '2023-12-08 22:47:16', 2),
(765, 'Bạn đã cập nhật hồ sơ trực tuyến', '2023-12-08 22:49:19', 4),
(766, 'Bạn đã cập nhật hồ sơ trực tuyến', '2023-12-08 22:49:39', 4),
(767, 'Bạn đã cập nhật hồ sơ trực tuyến', '2023-12-08 22:49:52', 4),
(768, 'Bạn đã cập nhật hồ sơ đính kèm', '2023-12-08 22:51:38', 4),
(769, 'Bạn đã cập nhật hồ sơ đính kèm', '2023-12-08 22:58:32', 4),
(770, 'Bạn đã cập nhật hồ sơ đính kèm', '2023-12-08 22:59:57', 4),
(771, 'Bạn đã cập nhật hồ sơ đính kèm', '2023-12-08 23:00:46', 4),
(772, 'Bạn đã cập nhật ảnh đại diện', '2023-12-08 23:26:35', 4),
(773, 'Bạn đã tạo hồ sơ trực tuyến', '2023-12-08 23:57:59', 4),
(774, 'Bạn đã cập nhật hồ sơ trực tuyến', '2023-12-08 23:58:05', 4),
(775, 'Bạn đã cập nhật hồ sơ trực tuyến', '2023-12-08 23:58:09', 4),
(776, 'Bạn đã cập nhật hồ sơ trực tuyến', '2023-12-09 00:02:18', 4),
(777, 'Bạn đã cập nhật hồ sơ trực tuyến', '2023-12-09 00:03:18', 4),
(778, 'Bạn đã cập nhật hồ sơ trực tuyến', '2023-12-09 00:03:48', 4),
(779, 'Bạn đã cập nhật hồ sơ trực tuyến', '2023-12-09 00:07:47', 4),
(780, 'Bạn đã cập nhật hồ sơ trực tuyến', '2023-12-09 00:08:38', 4),
(781, 'Bạn đã tạo hồ sơ trực tuyến', '2023-12-09 00:14:23', 4),
(782, 'Bạn đã cập nhật hồ sơ trực tuyến', '2023-12-09 00:14:27', 4),
(783, 'Bạn đã cập nhật hồ sơ trực tuyến', '2023-12-09 00:14:35', 4),
(784, 'Bạn đã cập nhật hồ sơ trực tuyến', '2023-12-09 00:14:36', 4),
(785, 'Bạn đã cập nhật hồ sơ trực tuyến', '2023-12-09 00:16:11', 4),
(786, 'Bạn đã cập nhật hồ sơ trực tuyến', '2023-12-09 00:16:30', 4),
(787, 'Bạn đã cập nhật hồ sơ trực tuyến', '2023-12-09 00:16:33', 4),
(788, 'Bạn đã cập nhật hồ sơ trực tuyến', '2023-12-09 00:16:34', 4),
(789, 'Bạn đã cập nhật hồ sơ trực tuyến', '2023-12-09 00:17:01', 4),
(790, 'Bạn đã cập nhật hồ sơ trực tuyến', '2023-12-09 00:17:08', 4),
(791, 'Bạn đã tạo hồ sơ trực tuyến', '2023-12-09 00:33:46', 4),
(792, 'Bạn đã cập nhật hồ sơ trực tuyến', '2023-12-09 02:49:14', 4),
(793, 'Bạn đã cập nhật hồ sơ trực tuyến', '2023-12-09 02:49:24', 4),
(794, 'Bạn đã cập nhật hồ sơ trực tuyến', '2023-12-09 02:49:31', 4),
(795, 'Bạn đã cập nhật thông tin công ty của bạn', '2023-12-09 08:21:18', 2),
(796, 'Bạn đã cập nhật đăng tuyển Tuyển TTS quản trị văn phòng ', '2023-12-09 08:35:53', 2),
(797, 'Bạn đã cập nhật đăng tuyển Tuyển TTS quản trị văn phòng ', '2023-12-09 08:36:05', 2),
(798, 'Bạn đã cập nhật đăng tuyển Tuyển TTS quản trị văn phòng ', '2023-12-09 08:36:38', 2),
(799, 'Bạn đã cập nhật đăng tuyển Tuyển TTS quản trị văn phòng ', '2023-12-09 08:43:49', 2),
(800, 'Bạn đã cập nhật đăng tuyển Tuyển dụng TTS Web', '2023-12-09 08:45:46', 2),
(801, 'Bạn đã cập nhật đăng tuyển Tuyển dụng TTS Web', '2023-12-09 08:46:27', 2),
(802, 'Bạn đã cập nhật thông tin cá nhân', '2023-12-09 08:46:57', 2),
(803, 'Bạn đã cập nhật thông tin cá nhân', '2023-12-09 08:47:03', 2),
(804, 'Bạn đã cập nhật đăng tuyển Tuyển dụng TTS Web', '2023-12-09 08:47:12', 2),
(805, 'Bạn đã cập nhật đăng tuyển Tuyển dụng TTS Web', '2023-12-09 08:47:22', 2),
(806, 'Bạn đã cập nhật ảnh đại diện', '2023-12-09 09:36:50', 2),
(807, 'Đăng tuyển của bạn đang chờ duyệt', '2023-12-10 02:08:15', 2),
(808, 'Bạn đã cập nhật đăng tuyển Quản lý dự án React', '2023-12-10 02:14:55', 2),
(809, 'Bạn đã cập nhật đăng tuyển Quản lý dự án React', '2023-12-10 02:16:34', 2),
(810, 'Bạn đã cập nhật đăng tuyển Quản lý dự án React', '2023-12-10 02:28:18', 2),
(811, 'Bạn đã cập nhật đăng tuyển Quản lý dự án React', '2023-12-10 02:33:09', 2),
(812, 'Bạn đã cập nhật đăng tuyển Quản lý dự án React', '2023-12-10 02:39:57', 2),
(813, 'Bạn đã cập nhật đăng tuyển Quản lý dự án React', '2023-12-10 02:40:37', 2),
(814, 'Bạn đã cập nhật đăng tuyển Quản lý dự án React', '2023-12-10 02:43:37', 2),
(815, 'Bạn đã cập nhật đăng tuyển Quản lý dự án React', '2023-12-10 02:49:46', 2),
(816, 'Bạn đã cập nhật đăng tuyển Lập trình ', '2023-12-10 02:51:27', 2),
(817, 'Bạn đã cập nhật đăng tuyển Lập trình ', '2023-12-10 03:10:12', 2),
(818, 'Bạn đã cập nhật đăng tuyển Seller ', '2023-12-10 03:10:26', 2),
(819, 'Bạn đã cập nhật thông tin cá nhân', '2023-12-10 06:05:44', 4),
(820, 'Bạn đã tạo hồ sơ đính kèm', '2023-12-10 06:05:57', 4),
(821, 'Bạn đã cập nhật đăng tuyển Quản lý dự án Sản xuất', '2023-12-10 08:39:17', 2),
(822, 'Bạn đã cập nhật thông tin cá nhân', '2023-12-10 10:30:09', 2),
(823, 'Bạn đã cập nhật đăng tuyển Lập trình ', '2023-12-12 10:09:53', 2),
(824, 'Bạn đã cập nhật đăng tuyển Lập trình ', '2023-12-12 10:10:05', 2),
(825, 'Đăng tuyển của bạn đang chờ duyệt', '2023-12-16 20:30:34', 2),
(826, 'Bạn đã cập nhật đăng tuyển Quản lý văn phòng', '2023-12-16 20:38:26', 2),
(827, 'Bạn đã cập nhật đăng tuyển Quản lý văn phòng', '2023-12-16 21:04:50', 2),
(828, 'Bạn đã cập nhật đăng tuyển Quản lý văn phòng', '2023-12-16 21:05:04', 2),
(829, 'Bạn đã cập nhật đăng tuyển Quản lý văn phòng', '2023-12-16 21:05:55', 2),
(830, 'Bạn đã cập nhật đăng tuyển Quản lý văn phòng', '2023-12-16 21:07:34', 2),
(831, 'Bạn đã cập nhật đăng tuyển Quản lý văn phòng', '2023-12-16 21:17:26', 2),
(832, 'Bạn đã cập nhật đăng tuyển Quản lý văn phòng', '2023-12-16 21:26:00', 2),
(833, 'Bạn đã cập nhật đăng tuyển Quản lý văn phòng', '2023-12-16 21:54:55', 2),
(834, 'Bạn đã cập nhật đăng tuyển Quản lý văn phòng', '2023-12-16 22:20:21', 2),
(835, 'Bạn đã cập nhật đăng tuyển Quản lý văn phòng', '2023-12-16 22:23:38', 2),
(836, 'Bạn đã cập nhật đăng tuyển Quản lý văn phòng', '2023-12-16 22:24:41', 2),
(837, 'Bạn đã cập nhật hồ sơ trực tuyến', '2023-12-16 22:40:17', 4),
(838, 'Bạn đã cập nhật hồ sơ trực tuyến', '2023-12-16 22:40:25', 4),
(839, 'Bạn đã cập nhật hồ sơ đính kèm', '2023-12-16 22:42:26', 4),
(840, 'Bạn đã cập nhật hồ sơ trực tuyến', '2023-12-16 22:42:56', 4),
(841, 'Đăng tuyển của bạn đang chờ duyệt', '2023-12-16 23:10:09', 2),
(842, 'Bạn đã cập nhật đăng tuyển Chăn nuôi gia súc', '2023-12-16 23:10:59', 2),
(843, 'Đăng tuyển của bạn đang chờ duyệt', '2023-12-16 23:12:55', 2),
(844, 'Bạn đã cập nhật đăng tuyển Bảo vệ chung cư', '2023-12-16 23:14:32', 2),
(845, 'Đăng tuyển của bạn đang chờ duyệt', '2023-12-16 23:34:40', 2),
(846, 'Bạn đã cập nhật hồ sơ trực tuyến', '2023-12-16 23:46:12', 4),
(847, 'Bạn đã cập nhật hồ sơ trực tuyến', '2023-12-16 23:52:13', 4),
(848, 'Bạn đã cập nhật hồ sơ trực tuyến', '2023-12-16 23:52:18', 4),
(849, 'Bạn đã cập nhật hồ sơ trực tuyến', '2023-12-17 00:08:39', 4),
(850, 'Bạn đã cập nhật hồ sơ trực tuyến', '2023-12-17 00:10:13', 4),
(851, 'Bạn đã cập nhật hồ sơ trực tuyến', '2023-12-17 00:10:59', 4),
(852, 'Bạn đã cập nhật hồ sơ trực tuyến', '2023-12-17 00:14:03', 4),
(853, 'Bạn đã cập nhật hồ sơ trực tuyến', '2023-12-17 00:16:00', 4),
(854, 'Bạn đã cập nhật hồ sơ trực tuyến', '2023-12-17 00:16:39', 4),
(855, 'Bạn đã cập nhật hồ sơ trực tuyến', '2023-12-17 00:25:23', 4),
(856, 'Bạn đã cập nhật hồ sơ trực tuyến', '2023-12-17 00:26:43', 4),
(857, 'Bạn đã cập nhật hồ sơ trực tuyến', '2023-12-17 00:36:52', 4),
(858, 'Đăng tuyển của bạn đang chờ duyệt', '2023-12-17 02:23:57', 2),
(859, 'Bạn đã cập nhật đăng tuyển Lập trình ', '2024-01-05 06:12:51', 2),
(860, 'Bạn đã cập nhật đăng tuyển Lập trình ', '2024-01-05 06:13:04', 2),
(861, 'Bạn đã cập nhật đăng tuyển Lập trình ', '2024-01-05 06:22:38', 2),
(862, 'Bạn đã cập nhật đăng tuyển Lập trình ', '2024-01-05 06:41:01', 2),
(863, 'Bạn đã cập nhật thông tin cá nhân', '2024-01-09 20:46:03', 4),
(864, 'Bạn đã cập nhật thông tin cá nhân', '2024-01-09 20:58:58', 4),
(865, 'Bạn đã cập nhật hồ sơ trực tuyến', '2024-01-09 21:01:29', 4),
(866, 'Bạn đã cập nhật hồ sơ đính kèm', '2024-01-09 21:01:34', 4),
(867, 'Bạn đã cập nhật hồ sơ trực tuyến', '2024-01-09 21:01:43', 4),
(868, 'Bạn đã cập nhật hồ sơ đính kèm', '2024-01-09 21:01:44', 4),
(869, 'Bạn đã cập nhật thông tin cá nhân', '2024-01-11 01:32:55', 4),
(870, 'Bạn đã cập nhật đăng tuyển Lập trình ', '2024-01-11 07:59:11', 2),
(871, 'Bạn đã cập nhật đăng tuyển Lập trình ', '2024-01-11 08:02:03', 2),
(872, 'Bạn đã cập nhật đăng tuyển Lập trình ', '2024-01-11 08:03:07', 2),
(873, 'Bạn đã cập nhật đăng tuyển Lập trình ', '2024-01-11 08:12:30', 2),
(874, 'Bạn đã cập nhật đăng tuyển Lập trình ', '2024-01-11 08:12:43', 2),
(875, 'Bạn đã cập nhật đăng tuyển Chăn nuôi gia súc', '2024-01-11 10:43:05', 2),
(876, 'Bạn đã cập nhật đăng tuyển Chăn nuôi gia súc', '2024-01-11 10:43:46', 2),
(877, 'Bạn đã cập nhật ảnh đại diện', '2024-01-11 10:50:42', 2),
(878, 'Bạn đã cập nhật thông tin cá nhân', '2024-01-11 10:50:58', 2),
(879, 'Bạn đã cập nhật thông tin cá nhân', '2024-01-11 10:51:05', 2),
(880, 'Bạn đã cập nhật thông tin cá nhân', '2024-01-11 10:51:33', 2),
(881, 'Bạn đã cập nhật thông tin công ty của bạn', '2024-01-11 10:52:08', 2),
(882, 'Bạn đã cập nhật thông tin công ty của bạn', '2024-01-11 10:52:20', 2),
(883, 'Bạn đã cập nhật thông tin cá nhân', '2024-01-11 10:53:22', 2),
(884, 'Bạn đã cập nhật thông tin cá nhân', '2024-01-11 10:53:35', 2),
(885, 'Bạn đã cập nhật thông tin cá nhân', '2024-01-11 10:56:53', 4),
(886, 'Bạn đã cập nhật thông tin cá nhân', '2024-01-11 11:11:25', 4),
(887, 'Bạn đã cập nhật thông tin cá nhân', '2024-01-11 11:39:47', 2),
(888, 'Bạn đã cập nhật đăng tuyển Seller ', '2024-01-11 11:40:51', 2),
(889, 'Bạn đã cập nhật đăng tuyển Seller ', '2024-01-11 11:41:53', 2),
(890, 'Bạn đã cập nhật hồ sơ trực tuyến', '2024-01-11 11:45:51', 4),
(891, 'Bạn đã cập nhật đăng tuyển Phó Giám Đốc Chi Nhánh Miền Nam', '2024-01-17 10:18:24', 2),
(892, 'Bạn đã cập nhật đăng tuyển ASM Khu Vực HCM - Miền Trung (Làm Việc Tại HCM)', '2024-01-17 10:21:42', 2),
(893, 'Bạn đã cập nhật đăng tuyển Trưởng Phòng Kinh Doanh Và Tiếp Thị - Thiết Bị Xây Dựng Và Máy Xây Dựng', '2024-01-17 10:24:37', 2),
(894, 'Bạn đã cập nhật đăng tuyển Kế Toán Trưởng - Đi Làm Ngay', '2024-01-17 10:27:27', 2),
(895, 'Bạn đã cập nhật đăng tuyển Mekong_Nhân Viên Tư Vấn Tài Chính Thị Trường', '2024-01-17 10:30:42', 2),
(896, 'Bạn đã cập nhật đăng tuyển Nhân Viên Tư Vấn Trả Góp', '2024-01-17 10:33:06', 2),
(897, 'Bạn đã cập nhật đăng tuyển Nhân Viên Tư Vấn Trả Góp', '2024-01-17 10:34:00', 2),
(898, 'Bạn đã cập nhật đăng tuyển Mekong_Nhân Viên Tư Vấn Tài Chính Thị Trường', '2024-01-17 10:34:30', 2),
(899, 'Bạn đã cập nhật đăng tuyển Nhân Viên Tư Vấn Trả Góp', '2024-01-17 10:34:36', 2),
(900, 'Bạn đã cập nhật đăng tuyển Mekong_Nhân Viên Tư Vấn Tài Chính Thị Trường', '2024-01-17 10:45:12', 2),
(901, 'Bạn đã cập nhật đăng tuyển ASM Khu Vực HCM - Miền Trung', '2024-01-17 10:46:16', 2),
(902, 'Bạn đã cập nhật đăng tuyển Trưởng Phòng Kinh Doanh Và Tiếp Thị', '2024-01-17 10:46:52', 2),
(903, 'Đăng tuyển của bạn đang chờ duyệt', '2024-01-17 10:52:33', 2),
(904, 'Đăng tuyển của bạn đang chờ duyệt', '2024-01-17 10:54:48', 2),
(905, 'Đăng tuyển của bạn đang chờ duyệt', '2024-01-17 10:56:43', 2),
(906, 'Bạn đã cập nhật thông tin công ty của bạn', '2024-01-17 10:57:39', 2),
(907, 'Bạn đã cập nhật thông tin công ty của bạn', '2024-01-17 10:57:44', 2),
(908, 'Bạn đã cập nhật thông tin công ty của bạn', '2024-01-17 10:57:55', 2),
(909, 'Bạn đã cập nhật thông tin cá nhân', '2024-01-17 11:06:15', 2),
(910, 'Bạn đã cập nhật thông tin cá nhân', '2024-01-17 11:06:21', 2),
(911, 'Bạn đã cập nhật thông tin cá nhân', '2024-01-17 11:07:04', 4),
(912, 'Bạn đã cập nhật ảnh đại diện', '2024-01-17 11:07:50', 4),
(913, 'Bạn đã cập nhật hồ sơ trực tuyến', '2024-01-17 11:14:03', 4),
(914, 'Bạn đã cập nhật thông tin cá nhân', '2024-01-17 11:14:12', 4),
(915, 'Bạn đã cập nhật hồ sơ đính kèm', '2024-01-17 11:15:29', 4),
(916, 'Bạn đã cập nhật hồ sơ đính kèm', '2024-01-17 11:15:43', 4),
(917, 'Bạn đã cập nhật hồ sơ trực tuyến', '2024-01-17 11:15:46', 4),
(918, 'Bạn đã cập nhật ảnh đại diện', '2024-01-17 11:18:02', 3),
(919, 'Bạn đã cập nhật đăng tuyển Phó Giám Đốc Chi Nhánh Miền Nam', '2024-01-17 11:19:57', 2),
(920, 'Bạn đã cập nhật đăng tuyển Phó Giám Đốc Chi Nhánh Miền Nam', '2024-01-17 11:20:01', 2),
(921, 'Bạn đã cập nhật đăng tuyển Giám Sát Bán Hàng Kênh Truyền Thống', '2024-01-17 11:34:23', 2),
(922, 'Bạn đã cập nhật đăng tuyển Trình Dược Viên OTC', '2024-01-17 11:34:50', 2),
(923, 'Bạn đã cập nhật đăng tuyển Giám Sát Bán Hàng Kênh Truyền Thống', '2024-01-17 11:34:56', 2),
(924, 'Bạn đã cập nhật đăng tuyển Chuyên Viên Tín Dụng Cá Nhân - Miền Tây', '2024-01-17 11:35:12', 2),
(925, 'Bạn đã cập nhật đăng tuyển Phó Giám Đốc Chi Nhánh Miền Nam', '2024-01-17 20:13:43', 2),
(926, 'Bạn đã cập nhật thông tin công ty của bạn', '2024-01-17 20:14:15', 2),
(927, 'Bạn đã cập nhật thông tin công ty của bạn', '2024-01-17 20:16:10', 2),
(928, 'Bạn đã cập nhật thông tin công ty của bạn', '2024-01-17 20:16:14', 2),
(929, 'Bạn đã cập nhật thông tin cá nhân', '2024-01-17 20:18:17', 4),
(930, 'Bạn đã cập nhật hồ sơ trực tuyến', '2024-01-17 20:19:17', 4),
(931, 'Bạn đã cập nhật hồ sơ trực tuyến', '2024-01-17 20:19:31', 4),
(932, 'Bạn đã cập nhật hồ sơ trực tuyến', '2024-01-17 20:19:33', 4),
(933, 'Bạn đã cập nhật hồ sơ đính kèm', '2024-01-17 20:20:25', 4),
(934, 'Bạn đã cập nhật hồ sơ đính kèm', '2024-01-17 20:21:08', 4),
(935, 'Bạn đã cập nhật thông tin cá nhân', '2024-01-17 20:23:53', 4),
(936, 'Bạn đã cập nhật hồ sơ trực tuyến', '2024-01-17 20:24:17', 4),
(937, 'Bạn đã cập nhật hồ sơ trực tuyến', '2024-01-17 20:24:38', 4),
(938, 'Bạn đã cập nhật thông tin cá nhân', '2024-01-17 20:24:54', 4),
(939, 'Bạn đã cập nhật hồ sơ đính kèm', '2024-01-17 20:25:30', 4),
(940, 'Bạn đã cập nhật ảnh đại diện', '2024-01-17 20:28:14', 4),
(941, 'Bạn đã cập nhật thông tin cá nhân', '2024-01-17 20:28:24', 4),
(942, 'Bạn đã cập nhật thông tin cá nhân', '2024-01-17 20:28:40', 4),
(943, 'Bạn đã cập nhật hồ sơ trực tuyến', '2024-01-17 20:28:45', 4),
(944, 'Bạn đã cập nhật thông tin cá nhân', '2024-01-17 20:29:22', 4),
(945, 'Bạn đã cập nhật hồ sơ đính kèm', '2024-01-17 20:29:24', 4),
(946, 'Bạn đã cập nhật hồ sơ trực tuyến', '2024-01-17 20:29:27', 4),
(947, 'Bạn đã cập nhật hồ sơ đính kèm', '2024-01-17 20:29:28', 4),
(948, 'Bạn đã cập nhật hồ sơ trực tuyến', '2024-01-17 20:29:29', 4),
(949, 'Bạn đã cập nhật đăng tuyển Phó Giám Đốc Chi Nhánh Miền Nam', '2024-01-17 20:30:14', 2),
(950, 'Bạn đã cập nhật hồ sơ trực tuyến', '2024-01-17 21:54:30', 4),
(951, 'Bạn đã cập nhật hồ sơ đính kèm', '2024-01-17 21:55:02', 4),
(952, 'Bạn đã cập nhật đăng tuyển Phó Giám Đốc Chi Nhánh Miền Nam', '2024-01-17 22:04:30', 2),
(953, 'Bạn đã cập nhật đăng tuyển Phó Giám Đốc Chi Nhánh Miền Nam', '2024-01-17 22:04:40', 2),
(954, 'Bạn đã cập nhật đăng tuyển ASM Khu Vực HCM - Miền Trung', '2024-01-17 22:04:50', 2),
(955, 'Bạn đã cập nhật đăng tuyển Phó Giám Đốc Chi Nhánh Miền Nam', '2024-01-17 22:05:10', 2),
(956, 'Bạn đã cập nhật ảnh đại diện', '2024-01-17 23:09:16', 4),
(957, 'Bạn đã cập nhật ảnh đại diện', '2024-01-17 23:09:17', 4),
(958, 'Bạn đã cập nhật ảnh đại diện', '2024-01-17 23:09:30', 4),
(959, 'Bạn đã cập nhật thông tin cá nhân', '2024-01-17 23:09:39', 4),
(960, 'Bạn đã cập nhật thông tin công ty của bạn', '2024-01-17 23:10:38', 2),
(961, 'Bạn đã cập nhật đăng tuyển Phó Giám Đốc Chi Nhánh Miền Nam', '2024-01-17 23:11:10', 2),
(962, 'Bạn đã cập nhật đăng tuyển Kế Toán Trưởng - Đi Làm Ngay', '2024-01-17 23:11:15', 2),
(963, 'Bạn đã cập nhật thông tin cá nhân', '2024-01-18 00:46:31', 2),
(964, 'Bạn đã cập nhật ảnh đại diện', '2024-01-18 00:46:46', 2),
(965, 'Bạn đã cập nhật hồ sơ đính kèm', '2024-01-18 01:29:44', 4),
(966, 'Bạn đã cập nhật hồ sơ đính kèm', '2024-01-18 02:30:55', 4),
(967, 'Bạn đã cập nhật đăng tuyển Phó Giám Đốc Chi Nhánh Miền Nam', '2024-01-25 01:07:51', 2),
(968, 'Bạn đã cập nhật đăng tuyển Nhân Viên Tư Vấn Tài Chính Thị Trường', '2024-01-25 01:46:02', 2),
(969, 'Bạn đã cập nhật hồ sơ trực tuyến', '2024-03-01 00:38:33', 4),
(972, 'Bạn đã cập nhật thông tin cá nhân', '2024-03-14 04:21:20', 4),
(973, 'Bạn đã cập nhật ảnh đại diện', '2024-03-14 04:23:38', 6),
(974, 'Bạn đã cập nhật thông tin cá nhân', '2024-03-14 04:23:38', 6),
(975, 'Bạn đã cập nhật đăng tuyển Phó Giám Đốc Chi Nhánh Miền Nam, TPHCM', '2024-03-14 06:09:50', 2),
(976, 'Bạn đã tạo hồ sơ trực tuyến', '2024-03-15 00:37:38', 6),
(977, 'Bạn đã cập nhật hồ sơ trực tuyến', '2024-03-15 00:38:42', 6),
(978, 'Bạn đã tạo hồ sơ đính kèm', '2024-03-15 00:42:38', 6),
(979, 'Bạn đã tạo hồ sơ trực tuyến', '2024-03-15 03:05:08', 6),
(980, 'Bạn đã cập nhật hồ sơ trực tuyến', '2024-03-15 03:05:21', 6),
(981, 'Bạn đã cập nhật hồ sơ đính kèm', '2024-03-15 08:30:39', 6),
(982, 'Bạn đã tạo hồ sơ trực tuyến', '2024-03-15 09:57:23', 6),
(983, 'Bạn đã tạo hồ sơ trực tuyến', '2024-03-15 10:25:12', 6),
(984, 'Bạn đã tạo hồ sơ trực tuyến', '2024-03-15 11:07:15', 6),
(985, 'Bạn đã cập nhật thông tin công ty của bạn', '2024-03-15 21:51:31', 2),
(986, 'Bạn đã cập nhật thông tin công ty của bạn', '2024-03-15 21:57:07', 2),
(987, 'Bạn đã cập nhật thông tin công ty của bạn', '2024-03-15 21:57:53', 2),
(988, 'Bạn đã cập nhật đăng tuyển Phó Giám Đốc Chi Nhánh Miền Nam, TPHCM', '2024-03-16 03:50:29', 2),
(989, 'Bạn đã cập nhật đăng tuyển ASM Khu Vực HCM - Miền Trung', '2024-03-16 03:50:49', 2),
(990, 'Bạn đã cập nhật đăng tuyển Trưởng Phòng Kinh Doanh Và Tiếp Thị', '2024-03-16 03:51:05', 2),
(991, 'Bạn đã cập nhật thông tin công ty của bạn', '2024-03-16 03:58:48', 2),
(992, 'Bạn đã cập nhật thông tin công ty của bạn', '2024-03-16 04:00:59', 2),
(993, 'Bạn đã cập nhật đăng tuyển Phó Giám Đốc Chi Nhánh Miền Nam, TPHCM, Giám Đốc Chi Nhánh Miền Trung, Hà Nội', '2024-03-16 04:03:43', 2),
(994, 'Bạn đã cập nhật thông tin công ty của bạn', '2024-03-16 04:18:04', 2),
(995, 'Bạn đã cập nhật thông tin công ty của bạn', '2024-03-16 04:18:08', 2),
(996, 'Bạn đã cập nhật thông tin công ty của bạn', '2024-03-16 07:11:59', 2),
(997, 'Bạn đã cập nhật thông tin công ty của bạn', '2024-03-16 07:30:06', 9),
(998, 'Đăng tuyển của bạn đang chờ duyệt', '2024-03-16 07:32:38', 9),
(999, 'Bạn đã cập nhật đăng tuyển Nhân Viên Tư Vấn Làm Việc Tại Văn Phòng', '2024-03-16 07:33:46', 9),
(1000, 'Bạn đã cập nhật thông tin công ty của bạn', '2024-03-16 07:35:22', 9),
(1001, 'Bạn đã cập nhật ảnh đại diện', '2024-03-16 07:56:18', 2),
(1002, 'Bạn đã cập nhật ảnh đại diện', '2024-03-16 07:56:23', 2),
(1003, 'Bạn đã cập nhật ảnh đại diện', '2024-03-16 07:56:26', 2),
(1004, 'Bạn đã cập nhật ảnh đại diện', '2024-03-16 07:56:30', 2),
(1005, 'Bạn đã cập nhật ảnh đại diện', '2024-03-16 08:10:25', 2),
(1006, 'Bạn đã cập nhật đăng tuyển Phó Giám Đốc Chi Nhánh Miền Nam, TPHCM, Giám Đốc Chi Nhánh Miền Trung, Hà Nội, Phó Giám Đốc Chi Nhánh Miền Nam, TPHCM, Giám Đốc Chi Nhánh Miền Trung, Hà Nội', '2024-03-16 09:34:48', 2),
(1007, 'Bạn đã cập nhật đăng tuyển Phó Giám Đốc Chi Nhánh Miền Nam, TPHCM, Giám Đốc Chi Nhánh Miền Trung, Hà Nội, Phó Giám Đốc Chi Nhánh Miền Nam, TPHCM, Giám Đốc Chi Nhánh Miền Trung, Hà Nội, Phó Giám Đốc Chi Nhánh Miền Nam, TPHCM, Giám Đốc Chi Nhánh Miền Trung,', '2024-03-16 09:39:23', 2),
(1008, 'Bạn đã cập nhật đăng tuyển Phó Giám Đốc Chi Nhánh Miền Nam, TPHCM, Giám Đốc Chi Nhánh Miền Trung, Hà Nội, Phó Giám Đốc Chi Nhánh Miền Nam, TPHCM, Giám Đốc Chi Nhánh Miền Trung, Hà Nội, Phó Giám Đốc Chi Nhánh Miền Nam, TPHCM, Giám Đốc Chi Nhánh Miền Trung,', '2024-03-16 09:40:20', 2),
(1009, 'Bạn đã cập nhật đăng tuyển Phó Giám Đốc Chi Nhánh Miền Nam, TPHCM, Giám Đốc Chi Nhánh Miền Trung, Hà Nội, Phó Giám Đốc Chi Nhánh Miền Nam, Phó Giám Đốc Chi Nhánh Miền Nam, TPHCM, Giám Đốc Chi Nhánh Miền Trung, Hà Nội, Phó Giám Đốc Chi Nhánh Miền Nam, Phó ', '2024-03-16 09:41:56', 2),
(1010, 'Bạn đã cập nhật đăng tuyển Phó Giám Đốc Chi Nhánh Miền Nam, TPHCM, Giám Đốc Chi Nhánh Miền Trung, Hà Nội, Phó Giám Đốc Chi Nhánh Miền Nam, Phó Giám Đốc Chi Nhánh Miền Nam, TPHCM, Giám Đốc Chi Nhánh Miền Trung, Hà Nội, Phó Giám Đốc Chi Nhánh Miền Nam, Phó ', '2024-03-16 09:42:42', 2),
(1011, 'Bạn đã cập nhật thông tin công ty của bạn', '2024-03-16 09:53:11', 9),
(1012, 'Bạn đã cập nhật thông tin công ty của bạn', '2024-03-16 09:58:53', 9),
(1013, 'Bạn đã cập nhật ảnh đại diện', '2024-03-16 10:08:02', 9),
(1014, 'Bạn đã cập nhật ảnh đại diện', '2024-03-16 10:14:07', 9),
(1015, 'Bạn đã cập nhật ảnh đại diện', '2024-03-16 10:17:13', 9),
(1016, 'Bạn đã cập nhật ảnh đại diện', '2024-03-16 10:17:37', 9),
(1017, 'Bạn đã cập nhật ảnh đại diện', '2024-03-16 10:17:39', 9),
(1018, 'Bạn đã cập nhật ảnh đại diện', '2024-03-16 10:24:47', 9),
(1019, 'Bạn đã cập nhật ảnh đại diện', '2024-03-16 10:24:56', 9),
(1020, 'Bạn đã cập nhật ảnh đại diện', '2024-03-16 10:25:15', 9),
(1021, 'Bạn đã cập nhật ảnh đại diện', '2024-03-16 10:25:31', 9),
(1022, 'Bạn đã cập nhật ảnh đại diện', '2024-03-16 10:31:31', 9),
(1023, 'Bạn đã cập nhật ảnh đại diện', '2024-03-16 10:34:28', 9),
(1024, 'Bạn đã cập nhật ảnh đại diện', '2024-03-16 10:42:52', 9),
(1025, 'Bạn đã cập nhật ảnh đại diện', '2024-03-16 10:43:28', 9),
(1026, 'Bạn đã cập nhật ảnh đại diện', '2024-03-16 10:50:59', 9),
(1027, 'Bạn đã cập nhật ảnh đại diện', '2024-03-16 10:51:15', 9),
(1028, 'Bạn đã cập nhật ảnh đại diện', '2024-03-16 10:51:22', 9),
(1029, 'Bạn đã cập nhật ảnh đại diện', '2024-03-16 10:54:29', 9),
(1030, 'Bạn đã cập nhật ảnh đại diện', '2024-03-16 10:54:56', 9),
(1031, 'Bạn đã cập nhật ảnh đại diện', '2024-03-16 11:02:07', 9),
(1032, 'Bạn đã cập nhật ảnh đại diện', '2024-03-16 11:02:11', 9),
(1033, 'Bạn đã cập nhật ảnh đại diện', '2024-03-16 11:02:26', 9),
(1034, 'Bạn đã cập nhật ảnh đại diện', '2024-03-16 11:02:41', 9),
(1035, 'Bạn đã cập nhật ảnh đại diện', '2024-03-16 11:02:44', 9),
(1036, 'Bạn đã cập nhật ảnh đại diện', '2024-03-16 11:02:48', 9),
(1037, 'Bạn đã cập nhật thông tin cá nhân', '2024-03-16 21:54:15', 2),
(1038, 'Bạn đã cập nhật hồ sơ đính kèm', '2024-03-17 20:11:31', 4),
(1039, 'Bạn đã cập nhật hồ sơ trực tuyến', '2024-03-18 06:57:18', 4),
(1040, 'Bạn đã cập nhật hồ sơ trực tuyến', '2024-03-18 06:57:26', 4),
(1041, 'Bạn đã cập nhật hồ sơ trực tuyến', '2024-03-18 06:57:33', 4),
(1042, 'Bạn đã cập nhật hồ sơ trực tuyến', '2024-03-18 06:57:44', 4),
(1043, 'Bạn đã cập nhật hồ sơ trực tuyến', '2024-03-18 06:57:51', 4),
(1044, 'Bạn đã cập nhật hồ sơ trực tuyến', '2024-03-18 06:59:58', 4),
(1045, 'Bạn đã cập nhật hồ sơ trực tuyến', '2024-03-18 07:05:19', 6),
(1046, 'Bạn đã cập nhật thông tin cá nhân', '2024-03-18 07:06:53', 6),
(1047, 'Bạn đã tạo hồ sơ trực tuyến', '2024-03-18 07:07:30', 6),
(1048, 'Bạn đã cập nhật hồ sơ trực tuyến', '2024-03-18 07:07:50', 6),
(1049, 'Bạn đã cập nhật hồ sơ trực tuyến', '2024-03-18 07:08:16', 6),
(1050, 'Bạn đã cập nhật hồ sơ trực tuyến', '2024-03-18 07:08:55', 6),
(1051, 'Bạn đã tạo hồ sơ trực tuyến', '2024-03-18 07:10:36', 6),
(1052, 'Bạn đã cập nhật hồ sơ trực tuyến', '2024-03-18 07:11:26', 6),
(1053, 'Bạn đã tạo hồ sơ trực tuyến', '2024-03-18 07:14:31', 6),
(1054, 'Bạn đã cập nhật hồ sơ trực tuyến', '2024-03-18 07:14:49', 6),
(1055, 'Bạn đã tạo hồ sơ trực tuyến', '2024-03-18 07:18:18', 6),
(1056, 'Bạn đã tạo hồ sơ trực tuyến', '2024-03-18 07:20:56', 6),
(1057, 'Bạn đã tạo hồ sơ trực tuyến', '2024-03-18 07:23:28', 6),
(1058, 'Bạn đã tạo hồ sơ trực tuyến', '2024-03-18 07:25:02', 6),
(1059, 'Bạn đã cập nhật hồ sơ trực tuyến', '2024-03-18 08:10:09', 4),
(1060, 'Bạn đã tạo hồ sơ trực tuyến', '2024-03-18 08:29:19', 6),
(1061, 'Bạn đã cập nhật hồ sơ trực tuyến', '2024-03-18 08:36:39', 6),
(1062, 'Bạn đã cập nhật đăng tuyển Kế Toán Trưởng - Đi Làm Ngay', '2024-03-18 22:11:55', 2),
(1063, 'Bạn đã cập nhật đăng tuyển Trình Dược Viên OTC', '2024-03-18 22:13:17', 2),
(1064, 'Bạn đã cập nhật đăng tuyển Phó Giám Đốc Chi Nhánh Miền Nam, TPHCM', '2024-03-18 22:52:16', 2),
(1065, 'Bạn đã cập nhật đăng tuyển Phó Giám Đốc Chi Nhánh Miền Nam, TPHCM', '2024-03-18 22:52:42', 2),
(1066, 'Bạn đã cập nhật đăng tuyển Phó Giám Đốc Chi Nhánh Miền Nam, TPHCM', '2024-03-18 22:58:35', 2),
(1067, 'Bạn đã cập nhật đăng tuyển Trưởng Phòng Kinh Doanh Và Tiếp Thị', '2024-03-18 23:09:54', 2),
(1068, 'Bạn đã cập nhật đăng tuyển Phó Giám Đốc Chi Nhánh Miền Nam, TPHCM', '2024-03-18 23:49:20', 2),
(1069, 'Bạn đã cập nhật đăng tuyển Phó Giám Đốc Chi Nhánh Miền Nam, TPHCM', '2024-03-18 23:51:37', 2),
(1070, 'Bạn đã cập nhật đăng tuyển ASM Khu Vực HCM - Miền Trung', '2024-03-18 23:59:54', 2),
(1071, 'Bạn đã cập nhật đăng tuyển Phó Giám Đốc Chi Nhánh Miền Nam, TPHCM', '2024-03-19 00:02:25', 2),
(1072, 'Bạn đã cập nhật hồ sơ trực tuyến', '2024-03-19 00:06:25', 4),
(1073, 'Bạn đã cập nhật đăng tuyển Phó Giám Đốc Chi Nhánh Miền Nam, TPHCM', '2024-03-19 00:09:16', 2),
(1074, 'Bạn đã tạo hồ sơ trực tuyến', '2024-03-19 02:38:40', 10),
(1075, 'Bạn đã cập nhật hồ sơ trực tuyến', '2024-03-19 02:41:49', 10),
(1076, 'Bạn đã cập nhật hồ sơ trực tuyến', '2024-03-19 02:42:06', 10),
(1077, 'Bạn đã cập nhật hồ sơ trực tuyến', '2024-03-19 02:42:08', 10),
(1078, 'Bạn đã cập nhật đăng tuyển Phó Giám Đốc Chi Nhánh Miền Nam, TPHCM', '2024-03-20 09:37:48', 2),
(1079, 'Bạn đã cập nhật thông tin cá nhân', '2024-03-21 05:55:18', 4),
(1080, 'Bạn đã cập nhật ảnh đại diện', '2024-03-21 05:55:18', 4),
(1081, 'Bạn đã cập nhật hồ sơ trực tuyến', '2024-03-21 06:00:05', 4),
(1082, 'Bạn đã cập nhật thông tin cá nhân', '2024-03-21 06:53:33', 4),
(1083, 'Bạn đã cập nhật ảnh đại diện', '2024-03-21 06:53:33', 4),
(1084, 'Bạn đã cập nhật ảnh đại diện', '2024-03-21 06:54:34', 4),
(1085, 'Bạn đã cập nhật thông tin cá nhân', '2024-03-21 06:54:34', 4),
(1086, 'Bạn đã cập nhật thông tin cá nhân', '2024-03-21 06:56:01', 4),
(1087, 'Bạn đã cập nhật ảnh đại diện', '2024-03-21 06:56:01', 4),
(1088, 'Bạn đã cập nhật hồ sơ trực tuyến', '2024-03-21 07:57:25', 4),
(1089, 'Bạn đã cập nhật hồ sơ trực tuyến', '2024-03-21 07:57:43', 4),
(1090, 'Bạn đã cập nhật hồ sơ trực tuyến', '2024-03-21 07:59:53', 4),
(1091, 'Bạn đã cập nhật hồ sơ trực tuyến', '2024-03-21 08:01:39', 4),
(1092, 'Bạn đã cập nhật hồ sơ trực tuyến', '2024-03-21 08:01:43', 4),
(1093, 'Bạn đã cập nhật hồ sơ trực tuyến', '2024-03-21 08:06:10', 4),
(1094, 'Bạn đã cập nhật hồ sơ trực tuyến', '2024-03-21 08:10:39', 4),
(1095, 'Bạn đã cập nhật hồ sơ trực tuyến', '2024-03-21 08:17:11', 4),
(1096, 'Bạn đã cập nhật hồ sơ trực tuyến', '2024-03-21 08:17:34', 4),
(1097, 'Bạn đã cập nhật hồ sơ trực tuyến', '2024-03-21 08:18:39', 4),
(1098, 'Bạn đã cập nhật hồ sơ trực tuyến', '2024-03-21 08:19:39', 4),
(1099, 'Bạn đã cập nhật hồ sơ trực tuyến', '2024-03-21 08:20:09', 4),
(1100, 'Bạn đã cập nhật hồ sơ trực tuyến', '2024-03-21 08:22:50', 10),
(1101, 'Bạn đã cập nhật thông tin cá nhân', '2024-03-21 08:42:29', 4),
(1102, 'Bạn đã cập nhật thông tin cá nhân', '2024-03-21 08:42:48', 4),
(1103, 'Bạn đã cập nhật thông tin cá nhân', '2024-03-21 08:42:55', 4),
(1104, 'Bạn đã cập nhật hồ sơ trực tuyến', '2024-03-21 08:56:52', 10),
(1105, 'Bạn đã cập nhật hồ sơ trực tuyến', '2024-03-21 08:56:58', 10),
(1106, 'Bạn đã cập nhật hồ sơ đính kèm', '2024-03-21 09:10:54', 4),
(1107, 'Bạn đã cập nhật hồ sơ đính kèm', '2024-03-21 09:11:21', 4),
(1108, 'Bạn đã cập nhật hồ sơ trực tuyến', '2024-03-21 09:13:53', 4),
(1109, 'Bạn đã cập nhật hồ sơ trực tuyến', '2024-03-21 09:56:27', 4),
(1110, 'Bạn đã cập nhật hồ sơ trực tuyến', '2024-03-21 09:56:31', 4),
(1111, 'Bạn đã cập nhật hồ sơ trực tuyến', '2024-03-21 09:56:36', 4),
(1112, 'Bạn đã cập nhật hồ sơ đính kèm', '2024-03-21 10:23:01', 4),
(1113, 'Bạn đã cập nhật hồ sơ trực tuyến', '2024-03-21 10:23:12', 4),
(1114, 'Bạn đã cập nhật hồ sơ trực tuyến', '2024-03-21 10:23:19', 4),
(1115, 'Bạn đã cập nhật hồ sơ trực tuyến', '2024-03-21 10:23:27', 4),
(1116, 'Bạn đã cập nhật hồ sơ trực tuyến', '2024-03-21 10:23:38', 4),
(1117, 'Bạn đã cập nhật hồ sơ trực tuyến', '2024-03-21 10:30:50', 4),
(1118, 'Bạn đã cập nhật hồ sơ trực tuyến', '2024-03-21 10:31:21', 4),
(1119, 'Bạn đã cập nhật hồ sơ trực tuyến', '2024-03-21 10:31:52', 4),
(1120, 'Bạn đã cập nhật hồ sơ trực tuyến', '2024-03-21 10:32:02', 4),
(1121, 'Bạn đã cập nhật hồ sơ trực tuyến', '2024-03-21 10:32:07', 4),
(1122, 'Bạn đã cập nhật hồ sơ trực tuyến', '2024-03-21 10:32:35', 4),
(1123, 'Bạn đã cập nhật hồ sơ trực tuyến', '2024-03-21 10:32:58', 4),
(1124, 'Bạn đã cập nhật hồ sơ trực tuyến', '2024-03-21 10:35:01', 4),
(1125, 'Bạn đã cập nhật hồ sơ trực tuyến', '2024-03-21 10:35:05', 4),
(1126, 'Bạn đã cập nhật hồ sơ trực tuyến', '2024-03-21 10:35:19', 4),
(1127, 'Bạn đã cập nhật hồ sơ trực tuyến', '2024-03-21 10:36:53', 4),
(1128, 'Bạn đã cập nhật hồ sơ trực tuyến', '2024-03-21 10:37:23', 4),
(1129, 'Bạn đã cập nhật hồ sơ trực tuyến', '2024-03-21 10:38:09', 4),
(1130, 'Bạn đã cập nhật hồ sơ trực tuyến', '2024-03-21 10:38:15', 4),
(1131, 'Bạn đã cập nhật hồ sơ đính kèm', '2024-03-21 10:40:00', 4),
(1132, 'Bạn đã cập nhật hồ sơ trực tuyến', '2024-03-21 10:40:12', 4),
(1133, 'Bạn đã cập nhật thông tin cá nhân', '2024-03-21 10:40:20', 4),
(1134, 'Bạn đã cập nhật thông tin cá nhân', '2024-03-21 10:40:38', 4),
(1135, 'Bạn đã cập nhật thông tin cá nhân', '2024-03-21 10:41:12', 4),
(1136, 'Bạn đã cập nhật thông tin cá nhân', '2024-03-21 10:52:42', 4),
(1137, 'Bạn đã cập nhật thông tin cá nhân', '2024-03-21 10:52:52', 4),
(1138, 'Bạn đã cập nhật thông tin cá nhân', '2024-03-21 10:53:58', 4),
(1139, 'Bạn đã cập nhật thông tin cá nhân', '2024-03-21 10:54:06', 4),
(1140, 'Bạn đã cập nhật thông tin cá nhân', '2024-03-21 10:56:32', 4),
(1141, 'Bạn đã cập nhật thông tin cá nhân', '2024-03-21 10:57:37', 4),
(1142, 'Bạn đã cập nhật thông tin cá nhân', '2024-03-21 10:57:49', 4),
(1143, 'Bạn đã cập nhật thông tin cá nhân', '2024-03-21 10:57:59', 4),
(1144, 'Bạn đã cập nhật thông tin cá nhân', '2024-03-21 10:58:05', 4),
(1145, 'Bạn đã cập nhật thông tin cá nhân', '2024-03-21 10:58:26', 4),
(1146, 'Bạn đã cập nhật thông tin cá nhân', '2024-03-21 10:58:29', 4),
(1147, 'Bạn đã cập nhật thông tin cá nhân', '2024-03-21 10:58:52', 4),
(1148, 'Bạn đã cập nhật thông tin cá nhân', '2024-03-21 10:58:55', 4),
(1149, 'Bạn đã cập nhật thông tin cá nhân', '2024-03-21 10:59:16', 4),
(1150, 'Bạn đã cập nhật thông tin cá nhân', '2024-03-21 10:59:20', 4),
(1151, 'Bạn đã cập nhật thông tin cá nhân', '2024-03-21 10:59:48', 4),
(1152, 'Bạn đã cập nhật thông tin cá nhân', '2024-03-21 11:00:01', 4),
(1153, 'Bạn đã cập nhật thông tin cá nhân', '2024-03-21 11:00:40', 4),
(1154, 'Bạn đã cập nhật thông tin cá nhân', '2024-03-21 11:00:57', 4),
(1155, 'Bạn đã cập nhật thông tin cá nhân', '2024-03-21 11:01:00', 4),
(1156, 'Bạn đã cập nhật thông tin cá nhân', '2024-03-21 11:01:03', 4),
(1157, 'Bạn đã cập nhật thông tin cá nhân', '2024-03-21 11:08:16', 4),
(1158, 'Bạn đã cập nhật thông tin cá nhân', '2024-03-21 11:09:58', 4),
(1159, 'Bạn đã cập nhật thông tin cá nhân', '2024-03-21 11:11:18', 4),
(1160, 'Bạn đã cập nhật thông tin cá nhân', '2024-03-21 11:11:25', 4),
(1161, 'Bạn đã cập nhật thông tin cá nhân', '2024-03-21 11:11:29', 4),
(1162, 'Bạn đã cập nhật thông tin cá nhân', '2024-03-21 11:14:02', 4),
(1163, 'Bạn đã cập nhật thông tin cá nhân', '2024-03-21 11:14:33', 4),
(1164, 'Bạn đã cập nhật thông tin cá nhân', '2024-03-21 11:14:39', 4),
(1165, 'Bạn đã cập nhật thông tin cá nhân', '2024-03-21 11:15:31', 4),
(1166, 'Bạn đã cập nhật thông tin cá nhân', '2024-03-21 11:16:47', 4),
(1167, 'Bạn đã cập nhật thông tin cá nhân', '2024-03-21 11:16:58', 4),
(1168, 'Bạn đã cập nhật thông tin cá nhân', '2024-03-21 11:17:02', 4),
(1169, 'Bạn đã cập nhật thông tin cá nhân', '2024-03-21 11:17:09', 4),
(1170, 'Bạn đã cập nhật thông tin cá nhân', '2024-03-21 11:18:47', 4),
(1171, 'Bạn đã cập nhật thông tin cá nhân', '2024-03-21 11:18:53', 4),
(1172, 'Bạn đã cập nhật ảnh đại diện', '2024-03-21 11:21:34', 4),
(1173, 'Bạn đã cập nhật thông tin cá nhân', '2024-03-21 11:21:34', 4),
(1174, 'Bạn đã cập nhật ảnh đại diện', '2024-03-21 11:21:46', 4),
(1175, 'Bạn đã cập nhật thông tin cá nhân', '2024-03-21 11:21:46', 4),
(1176, 'Bạn đã cập nhật ảnh đại diện', '2024-03-21 11:22:30', 4),
(1177, 'Bạn đã cập nhật thông tin cá nhân', '2024-03-21 11:22:30', 4),
(1178, 'Bạn đã cập nhật ảnh đại diện', '2024-03-21 11:22:51', 4),
(1179, 'Bạn đã cập nhật thông tin cá nhân', '2024-03-21 11:22:51', 4),
(1180, 'Bạn đã cập nhật hồ sơ trực tuyến', '2024-03-21 11:23:02', 4),
(1181, 'Bạn đã cập nhật ảnh đại diện', '2024-03-21 21:20:06', 4),
(1182, 'Bạn đã cập nhật thông tin cá nhân', '2024-03-21 21:20:06', 4),
(1183, 'Bạn đã cập nhật hồ sơ trực tuyến', '2024-03-21 21:20:08', 4),
(1184, 'Bạn đã cập nhật hồ sơ trực tuyến', '2024-03-21 21:20:15', 4),
(1185, 'Bạn đã cập nhật ảnh đại diện', '2024-03-21 21:20:24', 4),
(1186, 'Bạn đã cập nhật thông tin cá nhân', '2024-03-21 21:20:24', 4),
(1187, 'Bạn đã cập nhật ảnh đại diện', '2024-03-21 21:20:33', 4),
(1188, 'Bạn đã cập nhật thông tin cá nhân', '2024-03-21 21:20:33', 4),
(1189, 'Đăng tuyển của bạn đang chờ duyệt', '2024-03-22 06:06:30', 2),
(1190, 'Bạn đã cập nhật thông tin cá nhân', '2024-03-22 06:40:17', 4),
(1191, 'Bạn đã cập nhật thông tin cá nhân', '2024-03-22 06:48:29', 4),
(1192, 'Bạn đã cập nhật hồ sơ trực tuyến', '2024-03-22 10:03:14', 4),
(1193, 'Bạn đã cập nhật ảnh đại diện', '2024-03-22 10:03:24', 4),
(1194, 'Bạn đã cập nhật thông tin cá nhân', '2024-03-22 10:03:24', 4),
(1195, 'Bạn đã cập nhật ảnh đại diện', '2024-03-22 19:31:31', 4),
(1196, 'Bạn đã cập nhật thông tin cá nhân', '2024-03-22 19:31:31', 4),
(1197, 'Bạn đã cập nhật ảnh đại diện', '2024-03-22 19:32:41', 4),
(1198, 'Bạn đã cập nhật thông tin cá nhân', '2024-03-22 19:32:41', 4),
(1199, 'Bạn đã cập nhật ảnh đại diện', '2024-03-22 19:32:54', 4),
(1200, 'Bạn đã cập nhật thông tin cá nhân', '2024-03-22 19:32:54', 4),
(1201, 'Bạn đã cập nhật ảnh đại diện', '2024-03-22 19:33:32', 4),
(1202, 'Bạn đã cập nhật thông tin cá nhân', '2024-03-22 19:33:32', 4),
(1203, 'Bạn đã cập nhật ảnh đại diện', '2024-03-22 19:36:30', 4),
(1204, 'Bạn đã cập nhật thông tin cá nhân', '2024-03-22 19:36:30', 4),
(1205, 'Bạn đã cập nhật ảnh đại diện', '2024-03-22 19:36:37', 4),
(1206, 'Bạn đã cập nhật thông tin cá nhân', '2024-03-22 19:36:38', 4),
(1207, 'Bạn đã cập nhật ảnh đại diện', '2024-03-22 19:36:42', 4),
(1208, 'Bạn đã cập nhật thông tin cá nhân', '2024-03-22 19:36:42', 4),
(1209, 'Bạn đã cập nhật ảnh đại diện', '2024-03-22 19:36:50', 4),
(1210, 'Bạn đã cập nhật thông tin cá nhân', '2024-03-22 19:36:50', 4),
(1211, 'Bạn đã cập nhật ảnh đại diện', '2024-03-22 19:39:32', 4),
(1212, 'Bạn đã cập nhật thông tin cá nhân', '2024-03-22 19:39:32', 4),
(1213, 'Bạn đã cập nhật ảnh đại diện', '2024-03-22 19:40:51', 4),
(1214, 'Bạn đã cập nhật thông tin cá nhân', '2024-03-22 19:40:51', 4),
(1215, 'Bạn đã cập nhật ảnh đại diện', '2024-03-22 19:40:59', 4),
(1216, 'Bạn đã cập nhật thông tin cá nhân', '2024-03-22 19:40:59', 4),
(1217, 'Bạn đã cập nhật ảnh đại diện', '2024-03-22 19:41:52', 4),
(1218, 'Bạn đã cập nhật thông tin cá nhân', '2024-03-22 19:41:52', 4),
(1219, 'Bạn đã cập nhật ảnh đại diện', '2024-03-22 19:46:52', 4),
(1220, 'Bạn đã cập nhật thông tin cá nhân', '2024-03-22 19:46:52', 4),
(1221, 'Bạn đã cập nhật ảnh đại diện', '2024-03-22 19:46:56', 4),
(1222, 'Bạn đã cập nhật thông tin cá nhân', '2024-03-22 19:46:56', 4),
(1223, 'Bạn đã cập nhật ảnh đại diện', '2024-03-22 19:47:04', 4),
(1224, 'Bạn đã cập nhật thông tin cá nhân', '2024-03-22 19:47:04', 4),
(1225, 'Bạn đã cập nhật ảnh đại diện', '2024-03-22 19:47:10', 4),
(1226, 'Bạn đã cập nhật thông tin cá nhân', '2024-03-22 19:47:10', 4),
(1227, 'Bạn đã cập nhật ảnh đại diện', '2024-03-22 19:48:44', 4),
(1228, 'Bạn đã cập nhật thông tin cá nhân', '2024-03-22 19:48:44', 4),
(1229, 'Bạn đã cập nhật ảnh đại diện', '2024-03-22 19:48:53', 4),
(1230, 'Bạn đã cập nhật thông tin cá nhân', '2024-03-22 19:48:53', 4),
(1231, 'Bạn đã cập nhật ảnh đại diện', '2024-03-22 20:08:55', 4),
(1232, 'Bạn đã cập nhật thông tin cá nhân', '2024-03-22 20:08:55', 4),
(1233, 'Bạn đã cập nhật thông tin cá nhân', '2024-03-22 20:48:04', 4),
(1234, 'Bạn đã cập nhật thông tin cá nhân', '2024-03-22 22:53:50', 4),
(1235, 'Bạn đã cập nhật ảnh đại diện', '2024-03-22 22:53:50', 4),
(1236, 'Đăng tuyển của bạn đang chờ duyệt', '2024-03-23 02:10:51', 2),
(1237, 'Bạn đã cập nhật đăng tuyển Kế Toán Trưởng', '2024-03-23 02:35:02', 2),
(1238, 'Đăng tuyển của bạn đang chờ duyệt', '2024-03-23 02:39:22', 2),
(1239, 'Bạn đã cập nhật đăng tuyển Nhân Viên Sàn Thương Mại Điện Tử', '2024-03-23 02:59:20', 2),
(1240, 'Đăng tuyển của bạn đang chờ duyệt', '2024-03-23 03:01:53', 2),
(1241, 'Bạn đã cập nhật đăng tuyển Chuyên Viên Digital Marketing', '2024-03-23 03:04:05', 2),
(1242, 'Bạn đã cập nhật đăng tuyển Chuyên Viên Digital Marketing', '2024-03-23 04:28:53', 2),
(1243, 'Bạn đã cập nhật đăng tuyển Kế Toán Trưởng - Đi Làm Ngay', '2024-03-23 04:39:33', 2),
(1244, 'Bạn đã cập nhật hồ sơ trực tuyến', '2024-03-23 05:54:06', 4),
(1245, 'Bạn đã cập nhật ảnh đại diện', '2024-03-23 05:54:11', 4),
(1246, 'Bạn đã cập nhật thông tin cá nhân', '2024-03-23 05:54:11', 4),
(1247, 'Bạn đã cập nhật đăng tuyển ASM Khu Vực HCM - Miền Trung', '2024-03-23 05:56:31', 2),
(1248, 'Bạn đã cập nhật đăng tuyển Phó Giám Đốc Chi Nhánh Miền Nam, TPHCM', '2024-03-25 02:02:09', 2),
(1249, 'Bạn đã cập nhật ảnh đại diện', '2024-03-25 02:57:02', 2),
(1250, 'Bạn đã cập nhật ảnh đại diện', '2024-03-25 02:57:08', 2),
(1251, 'Bạn đã cập nhật đăng tuyển Trưởng Phòng Kinh Doanh Và Tiếp Thị', '2024-03-26 06:55:48', 2),
(1252, 'Bạn đã cập nhật đăng tuyển Trưởng Phòng Kinh Doanh Và Tiếp Thị', '2024-03-26 06:59:01', 2),
(1253, 'Bạn đã cập nhật đăng tuyển Trưởng Phòng Kinh Doanh Và Tiếp Thị', '2024-03-26 07:01:29', 2),
(1254, 'Bạn đã cập nhật đăng tuyển Phó Giám Đốc Chi Nhánh Miền Nam, TPHCM', '2024-03-27 05:00:18', 2),
(1255, 'Bạn đã cập nhật thông tin cá nhân', '2024-03-28 00:33:07', 2),
(1256, 'Bạn đã cập nhật đăng tuyển Kế Toán Trưởng - Đi Làm Ngay', '2024-03-28 00:55:40', 2),
(1257, 'Bạn đã cập nhật đăng tuyển Phó Giám Đốc Chi Nhánh Miền Nam, TPHCM', '2024-03-28 00:59:32', 2),
(1258, 'Bạn đã cập nhật thông tin công ty của bạn', '2024-03-28 02:27:25', 2),
(1259, 'Bạn đã cập nhật thông tin công ty của bạn', '2024-03-28 07:11:04', 2),
(1260, 'Bạn đã cập nhật thông tin công ty của bạn', '2024-03-28 07:13:30', 2),
(1261, 'Bạn đã cập nhật thông tin công ty của bạn', '2024-03-28 07:22:03', 2),
(1262, 'Bạn đã cập nhật thông tin công ty của bạn', '2024-03-28 07:26:47', 2),
(1263, 'Bạn đã cập nhật thông tin công ty của bạn', '2024-03-28 07:27:07', 2),
(1264, 'Bạn đã cập nhật thông tin công ty của bạn', '2024-03-28 07:28:11', 2),
(1265, 'Bạn đã cập nhật thông tin công ty của bạn', '2024-03-28 07:28:22', 2),
(1266, 'Bạn đã cập nhật thông tin công ty của bạn', '2024-03-28 07:34:08', 2),
(1267, 'Bạn đã cập nhật thông tin công ty của bạn', '2024-03-28 07:36:24', 2),
(1268, 'Bạn đã cập nhật thông tin công ty của bạn', '2024-03-28 07:53:03', 2),
(1269, 'Bạn đã cập nhật thông tin công ty của bạn', '2024-03-28 07:57:28', 2),
(1270, 'Bạn đã cập nhật thông tin công ty của bạn', '2024-03-28 08:20:13', 2),
(1271, 'Bạn đã cập nhật banner của công ty', '2024-03-28 09:42:41', 2),
(1272, 'Bạn đã cập nhật banner của công ty', '2024-03-28 09:44:17', 2),
(1273, 'Bạn đã cập nhật logo của công ty', '2024-03-28 09:44:24', 2),
(1274, 'Bạn đã cập nhật logo của công ty', '2024-03-28 09:44:36', 2),
(1275, 'Bạn đã cập nhật logo của công ty', '2024-03-28 09:44:39', 2),
(1276, 'Bạn đã cập nhật logo của công ty', '2024-03-28 09:45:12', 2),
(1277, 'Bạn đã cập nhật logo của công ty', '2024-03-28 09:49:30', 2),
(1278, 'Bạn đã cập nhật logo của công ty', '2024-03-28 09:53:05', 2),
(1279, 'Bạn đã cập nhật logo của công ty', '2024-03-28 09:55:12', 2),
(1280, 'Bạn đã cập nhật logo của công ty', '2024-03-28 09:58:26', 2),
(1281, 'Bạn đã cập nhật banner của công ty', '2024-03-28 10:08:45', 2),
(1282, 'Bạn đã cập nhật banner của công ty', '2024-03-28 10:08:49', 2),
(1283, 'Bạn đã cập nhật banner của công ty', '2024-03-28 10:08:57', 2),
(1284, 'Bạn đã cập nhật logo của công ty', '2024-03-28 10:09:05', 2),
(1285, 'Bạn đã cập nhật logo của công ty', '2024-03-28 10:09:08', 2),
(1286, 'Bạn đã cập nhật banner của công ty', '2024-03-28 10:09:17', 2),
(1287, 'Bạn đã cập nhật logo của công ty', '2024-03-28 10:11:13', 2),
(1288, 'Bạn đã cập nhật banner của công ty', '2024-03-28 10:12:49', 2),
(1289, 'Bạn đã cập nhật banner của công ty', '2024-03-28 10:15:16', 2),
(1290, 'Bạn đã cập nhật logo của công ty', '2024-03-28 10:15:57', 2),
(1291, 'Bạn đã cập nhật logo của công ty', '2024-03-28 10:16:04', 2),
(1292, 'Bạn đã cập nhật banner của công ty', '2024-03-28 10:16:08', 2),
(1293, 'Bạn đã cập nhật banner của công ty', '2024-03-28 10:16:15', 2),
(1294, 'Bạn đã cập nhật banner của công ty', '2024-03-28 10:16:59', 2),
(1295, 'Bạn đã cập nhật banner của công ty', '2024-03-28 10:17:01', 2),
(1296, 'Đăng tuyển của bạn đang chờ duyệt', '2024-03-28 21:11:19', 2),
(1297, 'Bạn đã cập nhật thông tin cá nhân', '2024-03-28 21:15:21', 5),
(1298, 'Bạn đã tạo hồ sơ trực tuyến', '2024-03-28 21:19:02', 5),
(1299, 'Bạn đã cập nhật hồ sơ trực tuyến', '2024-03-28 21:19:17', 5),
(1300, 'Bạn đã cập nhật hồ sơ trực tuyến', '2024-03-28 21:22:17', 5),
(1301, 'Bạn đã cập nhật thông tin cá nhân', '2024-03-28 21:23:24', 5),
(1302, 'Bạn đã cập nhật ảnh đại diện', '2024-03-28 21:23:24', 5),
(1303, 'Bạn đã tạo hồ sơ đính kèm', '2024-03-28 21:23:27', 5),
(1304, 'Bạn đã cập nhật ảnh đại diện', '2024-03-28 21:44:18', 5),
(1305, 'Bạn đã cập nhật thông tin cá nhân', '2024-03-28 21:44:18', 5),
(1306, 'Bạn đã cập nhật hồ sơ trực tuyến', '2024-03-28 21:44:21', 5),
(1307, 'Bạn đã cập nhật hồ sơ đính kèm', '2024-03-28 21:44:47', 5),
(1308, 'Bạn đã cập nhật hồ sơ trực tuyến', '2024-03-28 22:46:39', 5),
(1309, 'Bạn đã cập nhật banner của công ty', '2024-03-28 23:11:51', 2),
(1310, 'Bạn đã cập nhật hồ sơ trực tuyến', '2024-03-29 01:38:47', 4),
(1311, 'Bạn đã cập nhật hồ sơ trực tuyến', '2024-03-29 05:06:54', 4),
(1312, 'Bạn đã cập nhật hồ sơ trực tuyến', '2024-03-29 05:07:21', 4),
(1313, 'Bạn đã cập nhật hồ sơ trực tuyến', '2024-03-29 05:17:14', 4),
(1314, 'Bạn đã tạo hồ sơ trực tuyến', '2024-03-29 05:20:44', 6),
(1315, 'Bạn đã cập nhật hồ sơ trực tuyến', '2024-03-29 05:21:35', 6),
(1316, 'Bạn đã cập nhật hồ sơ trực tuyến', '2024-03-29 05:21:52', 6),
(1317, 'Bạn đã cập nhật hồ sơ trực tuyến', '2024-03-29 05:22:06', 6),
(1318, 'Bạn đã cập nhật hồ sơ trực tuyến', '2024-03-29 05:22:13', 6),
(1319, 'Bạn đã cập nhật hồ sơ trực tuyến', '2024-03-29 05:22:24', 6),
(1320, 'Bạn đã cập nhật hồ sơ trực tuyến', '2024-03-29 05:22:35', 6),
(1321, 'Bạn đã cập nhật thông tin cá nhân', '2024-03-29 05:29:57', 6),
(1322, 'Bạn đã cập nhật thông tin cá nhân', '2024-03-29 05:30:06', 6),
(1323, 'Bạn đã cập nhật ảnh đại diện', '2024-03-29 05:30:06', 6),
(1324, 'Bạn đã tạo hồ sơ trực tuyến', '2024-03-29 05:30:20', 6),
(1325, 'Bạn đã cập nhật hồ sơ đính kèm', '2024-03-29 06:35:14', 4),
(1326, 'Bạn đã cập nhật đăng tuyển Lập Trình Viên Full Stack', '2024-03-30 01:07:02', 2),
(1327, 'Bạn đã cập nhật đăng tuyển Lập Trình Viên Full Stack', '2024-03-30 01:25:00', 2),
(1328, 'Bạn đã cập nhật đăng tuyển Lập Trình Viên Full Stack', '2024-03-30 01:39:12', 2),
(1329, 'Bạn đã cập nhật hồ sơ đính kèm', '2024-03-30 11:11:35', 4),
(1330, 'Bạn đã cập nhật hồ sơ đính kèm', '2024-03-30 11:11:36', 4),
(1331, 'Bạn đã cập nhật ảnh đại diện', '2024-03-31 22:58:02', 1),
(1332, 'Bạn đã cập nhật ảnh đại diện', '2024-03-31 23:03:07', 1),
(1333, 'Bạn đã cập nhật ảnh đại diện', '2024-03-31 23:03:55', 1),
(1334, 'Bạn đã cập nhật ảnh đại diện', '2024-03-31 23:08:17', 1),
(1335, 'Bạn đã cập nhật ảnh đại diện', '2024-03-31 23:08:24', 1),
(1336, 'Bạn đã cập nhật logo của công ty', '2024-04-01 04:07:42', 2),
(1337, 'Bạn đã cập nhật logo của công ty', '2024-04-01 04:08:02', 2),
(1338, 'Bạn đã cập nhật logo của công ty', '2024-04-01 04:08:17', 2),
(1339, 'Bạn đã cập nhật logo của công ty', '2024-04-01 04:08:20', 2),
(1340, 'Bạn đã cập nhật ảnh đại diện', '2024-04-01 06:22:53', 4),
(1341, 'Bạn đã cập nhật thông tin cá nhân', '2024-04-01 06:22:53', 4),
(1342, 'Bạn đã tạo hồ sơ đính kèm', '2024-04-01 06:23:17', 4),
(1343, 'Bạn đã cập nhật hồ sơ đính kèm', '2024-04-01 06:24:56', 4),
(1344, 'Bạn đã cập nhật ảnh đại diện', '2024-04-01 06:27:31', 4),
(1345, 'Bạn đã cập nhật thông tin cá nhân', '2024-04-01 06:27:31', 4),
(1346, 'Bạn đã tạo hồ sơ đính kèm', '2024-04-01 06:35:07', 4),
(1347, 'Bạn đã tạo hồ sơ đính kèm', '2024-04-01 06:37:23', 4),
(1348, 'Bạn đã cập nhật hồ sơ đính kèm', '2024-04-01 06:39:19', 4),
(1349, 'Bạn đã cập nhật đăng tuyển Lập Trình Viên Full Stack', '2024-04-01 07:19:22', 2),
(1350, 'Bạn đã cập nhật đăng tuyển Lập Trình Viên Full Stack', '2024-04-01 08:44:53', 2),
(1351, 'Bạn đã cập nhật đăng tuyển Lập Trình Viên Full Stack', '2024-04-01 08:49:03', 2),
(1352, 'Bạn đã cập nhật đăng tuyển Phó Giám Đốc Chi Nhánh Miền Nam, TPHCM', '2024-04-01 08:52:19', 2),
(1353, 'Bạn đã cập nhật đăng tuyển Phó Giám Đốc Chi Nhánh Miền Nam, TPHCM', '2024-04-01 09:09:15', 2),
(1354, 'Bạn đã cập nhật hồ sơ trực tuyến', '2024-04-01 09:36:45', 1),
(1355, 'Bạn đã cập nhật hồ sơ trực tuyến', '2024-04-01 10:07:40', 1),
(1356, 'Bạn đã cập nhật hồ sơ trực tuyến', '2024-04-01 10:14:20', 1),
(1357, 'Bạn đã cập nhật hồ sơ trực tuyến', '2024-04-01 10:15:13', 1),
(1358, 'Bạn đã cập nhật hồ sơ trực tuyến', '2024-04-01 10:16:13', 1),
(1359, 'Bạn đã cập nhật hồ sơ trực tuyến', '2024-04-01 10:18:03', 1),
(1360, 'Bạn đã cập nhật hồ sơ đính kèm', '2024-04-01 10:19:15', 1),
(1361, 'Bạn đã cập nhật hồ sơ trực tuyến', '2024-04-01 10:19:27', 1),
(1362, 'Bạn đã cập nhật hồ sơ trực tuyến', '2024-04-01 10:21:13', 1),
(1363, 'Bạn đã cập nhật ảnh đại diện', '2024-04-01 10:42:29', 1),
(1364, 'Bạn đã cập nhật thông tin cá nhân', '2024-04-01 10:42:29', 1),
(1365, 'Bạn đã cập nhật hồ sơ đính kèm', '2024-04-01 10:42:56', 1),
(1366, 'Bạn đã cập nhật hồ sơ đính kèm', '2024-04-01 10:43:00', 1),
(1367, 'Bạn đã cập nhật hồ sơ đính kèm', '2024-04-01 10:46:28', 1),
(1368, 'Bạn đã cập nhật hồ sơ đính kèm', '2024-04-01 10:46:30', 1),
(1369, 'Bạn đã cập nhật hồ sơ trực tuyến', '2024-04-01 10:48:19', 1),
(1370, 'Bạn đã cập nhật hồ sơ trực tuyến', '2024-04-01 10:49:06', 1),
(1371, 'Bạn đã cập nhật hồ sơ trực tuyến', '2024-04-01 10:51:02', 1),
(1372, 'Bạn đã cập nhật hồ sơ trực tuyến', '2024-04-01 10:52:18', 1),
(1373, 'Bạn đã cập nhật ảnh đại diện', '2024-04-01 10:52:27', 1),
(1374, 'Bạn đã cập nhật thông tin cá nhân', '2024-04-01 10:52:27', 1),
(1375, 'Bạn đã cập nhật hồ sơ trực tuyến', '2024-04-01 10:52:29', 1),
(1376, 'Bạn đã cập nhật hồ sơ trực tuyến', '2024-04-01 10:52:59', 1),
(1377, 'Bạn đã cập nhật hồ sơ trực tuyến', '2024-04-01 10:53:53', 1),
(1378, 'Bạn đã cập nhật hồ sơ trực tuyến', '2024-04-01 10:54:13', 1),
(1379, 'Bạn đã cập nhật hồ sơ đính kèm', '2024-04-01 10:55:08', 1),
(1380, 'Bạn đã cập nhật hồ sơ trực tuyến', '2024-04-01 10:55:16', 1),
(1381, 'Bạn đã cập nhật hồ sơ trực tuyến', '2024-04-01 21:43:14', 1),
(1382, 'Bạn đã cập nhật hồ sơ trực tuyến', '2024-04-01 21:44:19', 1),
(1383, 'Bạn đã cập nhật hồ sơ đính kèm', '2024-04-01 21:44:51', 1),
(1384, 'Bạn đã cập nhật hồ sơ đính kèm', '2024-04-01 21:44:52', 1),
(1385, 'Bạn đã cập nhật hồ sơ đính kèm', '2024-04-01 21:45:26', 1),
(1386, 'Bạn đã cập nhật hồ sơ đính kèm', '2024-04-01 21:45:28', 1),
(1387, 'Bạn đã tạo hồ sơ đính kèm', '2024-04-01 21:48:59', 1),
(1388, 'Bạn đã cập nhật hồ sơ đính kèm', '2024-04-01 21:49:01', 1),
(1389, 'Bạn đã cập nhật hồ sơ đính kèm', '2024-04-01 21:49:44', 1),
(1390, 'Bạn đã cập nhật hồ sơ đính kèm', '2024-04-01 21:49:46', 1),
(1391, 'Bạn đã cập nhật hồ sơ trực tuyến', '2024-04-01 22:12:26', 1),
(1392, 'Bạn đã cập nhật hồ sơ đính kèm', '2024-04-01 22:13:49', 1),
(1393, 'Bạn đã cập nhật hồ sơ đính kèm', '2024-04-01 22:13:51', 1),
(1394, 'Bạn đã cập nhật hồ sơ đính kèm', '2024-04-01 22:14:32', 1),
(1395, 'Bạn đã cập nhật hồ sơ đính kèm', '2024-04-01 22:14:34', 1),
(1396, 'Bạn đã cập nhật hồ sơ đính kèm', '2024-04-01 22:16:05', 1),
(1397, 'Bạn đã cập nhật hồ sơ đính kèm', '2024-04-01 22:16:07', 1),
(1398, 'Bạn đã cập nhật đăng tuyển Lập Trình Viên Full Stack', '2024-04-02 03:25:33', 2),
(1399, 'Bạn đã cập nhật đăng tuyển ASM Khu Vực HCM - Miền Trung', '2024-04-02 03:26:50', 2),
(1400, 'Bạn đã cập nhật đăng tuyển Trưởng Phòng Kinh Doanh Và Tiếp Thị', '2024-04-02 03:27:41', 2),
(1401, 'Bạn đã cập nhật hồ sơ trực tuyến', '2024-04-02 10:13:02', 5),
(1402, 'Bạn đã cập nhật đăng tuyển Lập Trình Viên Full Stack', '2024-04-02 10:16:32', 2),
(1403, 'Bạn đã cập nhật ảnh đại diện', '2024-04-03 20:10:48', 5),
(1404, 'Bạn đã cập nhật thông tin cá nhân', '2024-04-03 20:10:48', 5),
(1405, 'Bạn đã cập nhật hồ sơ trực tuyến', '2024-04-03 20:10:53', 5),
(1406, 'Bạn đã cập nhật hồ sơ trực tuyến', '2024-04-03 20:11:01', 5),
(1407, 'Bạn đã cập nhật đăng tuyển Lập Trình Viên Full Stack', '2024-04-03 21:08:01', 2),
(1408, 'Bạn đã tạo hồ sơ đính kèm', '2024-04-03 22:52:20', 5),
(1409, 'Bạn đã cập nhật hồ sơ đính kèm', '2024-04-03 22:52:22', 5),
(1410, 'Bạn đã cập nhật ảnh đại diện', '2024-04-03 22:52:33', 5),
(1411, 'Bạn đã cập nhật thông tin cá nhân', '2024-04-03 22:52:33', 5),
(1412, 'Bạn đã cập nhật hồ sơ đính kèm', '2024-04-03 22:52:35', 5),
(1413, 'Bạn đã cập nhật hồ sơ đính kèm', '2024-04-03 22:52:37', 5),
(1414, 'Bạn đã cập nhật đăng tuyển Lập Trình Viên Full Stack', '2024-04-04 23:01:14', 2),
(1415, 'Bạn đã cập nhật đăng tuyển Lập Trình Viên Full Stack', '2024-04-05 00:25:39', 2),
(1416, 'Đăng tuyển của bạn đang chờ duyệt', '2024-04-05 00:39:29', 2),
(1417, 'Bạn đã cập nhật đăng tuyển Senior Frontend Engineer', '2024-04-05 00:39:56', 2),
(1418, 'Bạn đã cập nhật đăng tuyển Senior Frontend Engineer', '2024-04-05 00:41:18', 2),
(1419, 'Bạn đã cập nhật đăng tuyển Senior Frontend Engineer', '2024-04-05 00:41:33', 2),
(1420, 'Bạn đã cập nhật hồ sơ trực tuyến', '2024-04-05 01:00:58', 4),
(1421, 'Bạn đã cập nhật hồ sơ trực tuyến', '2024-04-05 01:01:12', 4),
(1422, 'Bạn đã cập nhật hồ sơ trực tuyến', '2024-04-05 01:05:46', 4),
(1423, 'Bạn đã cập nhật hồ sơ trực tuyến', '2024-04-05 01:06:11', 4),
(1424, 'Bạn đã tạo hồ sơ đính kèm', '2024-04-05 01:08:40', 4),
(1425, 'Bạn đã cập nhật hồ sơ đính kèm', '2024-04-05 01:08:42', 4),
(1426, 'Bạn đã cập nhật hồ sơ đính kèm', '2024-04-05 01:15:27', 4),
(1427, 'Bạn đã cập nhật hồ sơ đính kèm', '2024-04-05 01:15:30', 4),
(1428, 'Bạn đã cập nhật thông tin cá nhân', '2024-04-05 01:17:36', 10),
(1429, 'Bạn đã cập nhật ảnh đại diện', '2024-04-05 01:20:39', 10),
(1430, 'Bạn đã cập nhật thông tin cá nhân', '2024-04-05 01:20:40', 10),
(1431, 'Bạn đã tạo hồ sơ đính kèm', '2024-04-05 01:21:17', 10),
(1432, 'Bạn đã cập nhật hồ sơ đính kèm', '2024-04-05 01:21:19', 10),
(1433, 'Bạn đã cập nhật hồ sơ trực tuyến', '2024-04-05 01:22:35', 10),
(1434, 'Bạn đã cập nhật hồ sơ trực tuyến', '2024-04-05 01:22:45', 10),
(1435, 'Bạn đã cập nhật hồ sơ trực tuyến', '2024-04-05 01:24:37', 10);
INSERT INTO `notification` (`notificationId`, `content`, `dateAndTime`, `userUserId`) VALUES
(1436, 'Bạn đã cập nhật hồ sơ trực tuyến', '2024-04-05 01:25:05', 10),
(1437, 'Bạn đã cập nhật hồ sơ trực tuyến', '2024-04-06 05:37:17', 4),
(1438, 'Bạn đã cập nhật ảnh đại diện', '2024-04-06 05:37:21', 4),
(1439, 'Bạn đã cập nhật thông tin cá nhân', '2024-04-06 05:37:21', 4),
(1440, 'Bạn đã cập nhật đăng tuyển Phó Giám Đốc Chi Nhánh Miền Nam, TPHCM, Giám Đốc Chi Nhánh Miền Nam, TPHCM,  CEO Chi Nhánh Miền Nam, TPHCM', '2024-04-06 08:21:23', 2),
(1441, 'Bạn đã cập nhật hồ sơ trực tuyến', '2024-04-07 00:07:08', 4),
(1442, 'Bạn đã cập nhật hồ sơ trực tuyến', '2024-04-07 00:09:35', 4),
(1443, 'Bạn đã cập nhật hồ sơ trực tuyến', '2024-04-07 00:11:20', 4),
(1444, 'Bạn đã cập nhật hồ sơ đính kèm', '2024-04-07 00:12:55', 4),
(1445, 'Bạn đã cập nhật hồ sơ đính kèm', '2024-04-07 00:12:57', 4),
(1446, 'Bạn đã cập nhật hồ sơ trực tuyến', '2024-04-07 00:18:00', 5),
(1447, 'Bạn đã cập nhật hồ sơ trực tuyến', '2024-04-07 00:26:55', 5),
(1448, 'Bạn đã cập nhật hồ sơ trực tuyến', '2024-04-07 00:26:58', 5),
(1449, 'Bạn đã cập nhật hồ sơ đính kèm', '2024-04-07 00:28:12', 5),
(1450, 'Bạn đã cập nhật hồ sơ đính kèm', '2024-04-07 00:28:14', 5),
(1451, 'Bạn đã cập nhật hồ sơ đính kèm', '2024-04-07 00:38:13', 10),
(1452, 'Bạn đã cập nhật hồ sơ đính kèm', '2024-04-07 00:38:15', 10),
(1453, 'Bạn đã cập nhật hồ sơ đính kèm', '2024-04-07 00:38:53', 10),
(1454, 'Bạn đã cập nhật hồ sơ đính kèm', '2024-04-07 00:42:44', 10),
(1455, 'Bạn đã cập nhật hồ sơ đính kèm', '2024-04-07 00:42:47', 10),
(1456, 'Bạn đã cập nhật đăng tuyển Lập Trình Viên Full Stack', '2024-04-07 00:46:31', 2),
(1457, 'Bạn đã cập nhật đăng tuyển Lập Trình Viên Full Stack', '2024-04-07 00:49:33', 2),
(1458, 'Bạn đã cập nhật hồ sơ đính kèm', '2024-04-07 00:52:06', 10),
(1459, 'Bạn đã cập nhật hồ sơ đính kèm', '2024-04-07 00:52:08', 10),
(1460, 'Bạn đã cập nhật hồ sơ đính kèm', '2024-04-07 00:55:26', 10),
(1461, 'Bạn đã cập nhật hồ sơ đính kèm', '2024-04-07 00:55:28', 10),
(1462, 'Bạn đã cập nhật hồ sơ đính kèm', '2024-04-07 00:59:58', 10),
(1463, 'Bạn đã cập nhật hồ sơ đính kèm', '2024-04-07 01:00:02', 10),
(1464, 'Bạn đã cập nhật hồ sơ đính kèm', '2024-04-07 01:00:46', 10),
(1465, 'Bạn đã cập nhật hồ sơ đính kèm', '2024-04-07 01:00:49', 10),
(1466, 'Bạn đã cập nhật hồ sơ đính kèm', '2024-04-07 01:08:34', 10),
(1467, 'Bạn đã cập nhật hồ sơ trực tuyến', '2024-04-07 01:09:06', 10),
(1468, 'Bạn đã cập nhật đăng tuyển Trưởng Phòng Kinh Doanh Và Tiếp Thị', '2024-04-08 21:28:41', 2),
(1469, 'Bạn đã cập nhật đăng tuyển ASM Khu Vực HCM - Miền Trung', '2024-04-08 21:28:56', 2),
(1470, 'Bạn đã cập nhật đăng tuyển Trưởng Phòng Kinh Doanh Và Tiếp Thị', '2024-04-08 21:29:07', 2),
(1471, 'Bạn đã cập nhật đăng tuyển Kế Toán Trưởng - Đi Làm Ngay', '2024-04-08 21:30:03', 2),
(1472, 'Bạn đã cập nhật đăng tuyển Phó Giám Đốc Chi Nhánh Miền Nam, TPHCM, Giám Đốc Chi Nhánh Miền Nam, TPHCM,  CEO Chi Nhánh Miền Nam, TPHCM', '2024-04-08 22:48:41', 2),
(1473, 'Bạn đã cập nhật đăng tuyển Lập Trình Viên Full Stack', '2024-04-09 00:16:30', 2),
(1474, 'Bạn đã cập nhật đăng tuyển Lập Trình Viên Full Stack', '2024-04-09 00:22:33', 2),
(1475, 'Bạn đã cập nhật đăng tuyển Lập Trình Viên Full Stack', '2024-04-09 00:32:08', 2),
(1476, 'Bạn đã cập nhật hồ sơ trực tuyến', '2024-04-09 08:00:28', 10),
(1477, 'Bạn đã cập nhật hồ sơ trực tuyến', '2024-04-09 08:01:32', 10),
(1478, 'Bạn đã cập nhật hồ sơ trực tuyến', '2024-04-09 08:03:08', 10),
(1479, 'Bạn đã cập nhật hồ sơ trực tuyến', '2024-04-09 08:03:50', 10),
(1480, 'Bạn đã cập nhật hồ sơ đính kèm', '2024-04-09 08:04:34', 10),
(1481, 'Bạn đã cập nhật hồ sơ trực tuyến', '2024-04-09 08:04:48', 10),
(1482, 'Bạn đã cập nhật hồ sơ trực tuyến', '2024-04-09 08:04:56', 10),
(1483, 'Bạn đã cập nhật hồ sơ trực tuyến', '2024-04-09 08:06:52', 10),
(1484, 'Bạn đã cập nhật hồ sơ trực tuyến', '2024-04-09 08:06:56', 10),
(1485, 'Bạn đã cập nhật hồ sơ trực tuyến', '2024-04-09 08:08:32', 10),
(1486, 'Bạn đã cập nhật hồ sơ trực tuyến', '2024-04-09 08:08:36', 10),
(1487, 'Bạn đã cập nhật hồ sơ trực tuyến', '2024-04-09 08:10:38', 10),
(1488, 'Bạn đã cập nhật hồ sơ trực tuyến', '2024-04-09 08:10:44', 10),
(1489, 'Bạn đã cập nhật hồ sơ trực tuyến', '2024-04-09 08:29:41', 10),
(1490, 'Bạn đã cập nhật hồ sơ trực tuyến', '2024-04-09 08:30:20', 10),
(1491, 'Bạn đã cập nhật hồ sơ trực tuyến', '2024-04-09 08:30:45', 10),
(1492, 'Bạn đã cập nhật hồ sơ trực tuyến', '2024-04-09 08:40:47', 10),
(1493, 'Bạn đã cập nhật hồ sơ trực tuyến', '2024-04-09 08:41:30', 10),
(1494, 'Bạn đã cập nhật hồ sơ trực tuyến', '2024-04-09 08:41:35', 10),
(1495, 'Bạn đã cập nhật hồ sơ đính kèm', '2024-04-09 08:55:20', 10),
(1496, 'Bạn đã cập nhật hồ sơ đính kèm', '2024-04-09 08:57:48', 10),
(1497, 'Bạn đã cập nhật hồ sơ đính kèm', '2024-04-09 09:08:13', 10),
(1498, 'Bạn đã cập nhật hồ sơ trực tuyến', '2024-04-09 09:09:23', 10),
(1499, 'Bạn đã cập nhật hồ sơ đính kèm', '2024-04-09 09:11:00', 10),
(1500, 'Bạn đã cập nhật hồ sơ trực tuyến', '2024-04-09 09:11:45', 10),
(1501, 'Bạn đã cập nhật hồ sơ trực tuyến', '2024-04-09 09:17:08', 10),
(1502, 'Bạn đã cập nhật hồ sơ đính kèm', '2024-04-09 09:18:54', 10),
(1503, 'Bạn đã cập nhật hồ sơ đính kèm', '2024-04-09 09:30:28', 10),
(1504, 'Bạn đã cập nhật hồ sơ trực tuyến', '2024-04-09 09:31:04', 10),
(1505, 'Bạn đã cập nhật đăng tuyển Phó Giám Đốc Chi Nhánh Miền Nam, TPHCM, Giám Đốc Chi Nhánh Miền Nam, TPHCM,  CEO Chi Nhánh Miền Nam, TPHCM', '2024-04-09 09:39:55', 2),
(1506, 'Bạn đã cập nhật đăng tuyển Phó Giám Đốc Chi Nhánh Miền Nam, TPHCM, Giám Đốc Chi Nhánh Miền Nam, TPHCM,  CEO Chi Nhánh Miền Nam, TPHCM', '2024-04-09 09:40:48', 2),
(1507, 'Bạn đã cập nhật đăng tuyển Phó Giám Đốc Chi Nhánh Miền Nam, TPHCM, Giám Đốc Chi Nhánh Miền Nam, TPHCM,  CEO Chi Nhánh Miền Nam, TPHCM', '2024-04-09 09:42:20', 2),
(1508, 'Bạn đã cập nhật đăng tuyển ASM Khu Vực HCM - Miền Trung', '2024-04-09 09:44:23', 2),
(1509, 'Bạn đã cập nhật đăng tuyển Phó Giám Đốc Chi Nhánh Miền Nam, TPHCM, Giám Đốc Chi Nhánh Miền Nam, TPHCM,  CEO Chi Nhánh Miền Nam, TPHCM', '2024-04-09 09:57:51', 2),
(1510, 'Bạn đã cập nhật đăng tuyển ASM Khu Vực HCM - Miền Trung', '2024-04-09 09:58:54', 2),
(1511, 'Bạn đã cập nhật đăng tuyển Trưởng Phòng Kinh Doanh Và Tiếp Thị', '2024-04-09 09:59:04', 2),
(1512, 'Bạn đã cập nhật đăng tuyển Kế Toán Trưởng - Đi Làm Ngay', '2024-04-09 09:59:12', 2),
(1513, 'Bạn đã cập nhật đăng tuyển Nhân Viên Tư Vấn Tài Chính Thị Trường', '2024-04-09 09:59:24', 2),
(1514, 'Bạn đã cập nhật đăng tuyển Nhân Viên Tư Vấn Trả Góp', '2024-04-09 09:59:35', 2),
(1515, 'Bạn đã cập nhật đăng tuyển Nhân Viên Tư Vấn Trả Góp', '2024-04-09 09:59:55', 2),
(1516, 'Bạn đã cập nhật đăng tuyển Chuyên Viên Tín Dụng Cá Nhân - Miền Tây', '2024-04-09 10:00:12', 2),
(1517, 'Bạn đã cập nhật đăng tuyển Senior Frontend Engineer', '2024-04-09 10:02:02', 2),
(1518, 'Bạn đã cập nhật đăng tuyển Chuyên Viên Tín Dụng Cá Nhân - Miền Tây', '2024-04-09 10:06:25', 2),
(1519, 'Bạn đã cập nhật đăng tuyển Chuyên Viên Tín Dụng Cá Nhân - Miền Tây', '2024-04-09 10:07:43', 2),
(1520, 'Bạn đã cập nhật đăng tuyển Chuyên Viên Tín Dụng Cá Nhân - Miền Tây', '2024-04-09 10:10:24', 2),
(1521, 'Bạn đã cập nhật đăng tuyển Trình Dược Viên OTC', '2024-04-09 10:10:58', 2),
(1522, 'Bạn đã cập nhật đăng tuyển Lập Trình Viên Full Stack', '2024-04-09 10:12:21', 2),
(1523, 'Bạn đã cập nhật đăng tuyển Lập Trình Viên Full Stack', '2024-04-09 10:15:33', 2),
(1524, 'Bạn đã cập nhật đăng tuyển Lập Trình Viên Full Stack', '2024-04-09 10:16:04', 2),
(1525, 'Bạn đã cập nhật đăng tuyển Senior Frontend Engineer', '2024-04-09 10:16:29', 2),
(1526, 'Bạn đã cập nhật hồ sơ trực tuyến', '2024-04-09 10:18:29', 10),
(1527, 'Bạn đã cập nhật hồ sơ đính kèm', '2024-04-09 10:19:09', 10),
(1528, 'Bạn đã cập nhật hồ sơ đính kèm', '2024-04-09 10:25:40', 10),
(1529, 'Bạn đã cập nhật đăng tuyển Lập Trình Viên Full Stack', '2024-04-09 10:28:05', 2),
(1530, 'Bạn đã cập nhật ảnh đại diện', '2024-04-09 21:01:44', 11),
(1531, 'Bạn đã cập nhật thông tin cá nhân', '2024-04-09 21:01:44', 11),
(1532, 'Bạn đã tạo hồ sơ trực tuyến', '2024-04-09 21:03:29', 11),
(1533, 'Bạn đã cập nhật hồ sơ trực tuyến', '2024-04-09 21:03:43', 11),
(1534, 'Bạn đã cập nhật hồ sơ trực tuyến', '2024-04-09 21:07:09', 11),
(1535, 'Bạn đã cập nhật ảnh đại diện', '2024-04-09 21:12:10', 11),
(1536, 'Bạn đã cập nhật thông tin cá nhân', '2024-04-09 21:12:10', 11),
(1537, 'Bạn đã cập nhật thông tin cá nhân', '2024-04-09 21:12:47', 11),
(1538, 'Bạn đã cập nhật ảnh đại diện', '2024-04-09 21:12:47', 11),
(1539, 'Bạn đã tạo hồ sơ đính kèm', '2024-04-09 21:17:22', 11),
(1540, 'Bạn đã cập nhật hồ sơ đính kèm', '2024-04-09 21:19:11', 11),
(1541, 'Bạn đã cập nhật hồ sơ đính kèm', '2024-04-09 21:20:55', 11),
(1542, 'Bạn đã cập nhật hồ sơ đính kèm', '2024-04-09 21:27:59', 11),
(1543, 'Bạn đã cập nhật hồ sơ đính kèm', '2024-04-09 21:29:19', 11),
(1544, 'Bạn đã cập nhật hồ sơ đính kèm', '2024-04-09 21:29:42', 11),
(1545, 'Bạn đã cập nhật hồ sơ đính kèm', '2024-04-09 22:25:53', 11),
(1546, 'Bạn đã cập nhật đăng tuyển Biên dịch viên', '2024-04-10 02:36:56', 2),
(1547, 'Bạn đã cập nhật đăng tuyển Nhân Viên Sàn Thương Mại Điện Tử', '2024-04-10 02:37:42', 2),
(1548, 'Bạn đã cập nhật đăng tuyển Phó Giám Đốc Chi Nhánh Miền Nam, TPHCM, Giám Đốc Chi Nhánh Miền Nam, TPHCM,  CEO Chi Nhánh Miền Nam, TPHCM', '2024-04-10 22:05:09', 2),
(1549, 'Bạn đã cập nhật đăng tuyển Phó Giám Đốc Chi Nhánh Miền Nam, TPHCM, Giám Đốc Chi Nhánh Miền Nam, TPHCM,  CEO Chi Nhánh Miền Nam, TPHCM', '2024-04-10 22:07:11', 2),
(1550, 'Bạn đã cập nhật đăng tuyển Phó Giám Đốc Chi Nhánh Miền Nam, TPHCM, Giám Đốc Chi Nhánh Miền Nam, TPHCM,  CEO Chi Nhánh Miền Nam, TPHCM', '2024-04-15 10:39:18', 2),
(1551, 'Bạn đã cập nhật đăng tuyển Kế Toán Trưởng - Đi Làm Ngay', '2024-04-15 10:39:35', 2),
(1552, 'Bạn đã cập nhật đăng tuyển Trình Dược Viên OTC', '2024-04-15 23:27:38', 2),
(1553, 'Bạn đã cập nhật đăng tuyển Nhân Viên Tư Vấn Tài Chính Thị Trường', '2024-04-16 00:06:17', 2),
(1554, 'Bạn đã cập nhật đăng tuyển Nhân Viên Tư Vấn Tài Chính Thị Trường', '2024-04-16 00:07:00', 2),
(1555, 'Bạn đã cập nhật đăng tuyển Nhân Viên Tư Vấn Tài Chính Thị Trường', '2024-04-16 00:11:08', 2),
(1556, 'Bạn đã cập nhật đăng tuyển Lập Trình Viên Full Stack', '2024-04-16 00:20:19', 2),
(1557, 'Bạn đã cập nhật đăng tuyển Lập Trình Viên Full Stack', '2024-04-16 00:47:17', 2),
(1558, 'Bạn đã cập nhật đăng tuyển Lập Trình Viên Full Stack', '2024-04-16 01:01:22', 2),
(1559, 'Bạn đã cập nhật đăng tuyển Chuyên Viên Digital Marketing', '2024-04-16 01:18:33', 2),
(1560, 'Bạn đã cập nhật đăng tuyển Trình Dược Viên OTC', '2024-04-16 01:40:50', 2),
(1561, 'Bạn đã cập nhật đăng tuyển Phó Giám Đốc Chi Nhánh Miền Nam, TPHCM, Giám Đốc Chi Nhánh Miền Nam, TPHCM,  CEO Chi Nhánh Miền Nam, TPHCM', '2024-04-16 01:41:25', 2),
(1562, 'Bạn đã cập nhật đăng tuyển Phó Giám Đốc Chi Nhánh Miền Nam, TPHCM, Giám Đốc Chi Nhánh Miền Nam, TPHCM,  CEO Chi Nhánh Miền Nam, TPHCM', '2024-04-16 01:42:16', 2),
(1563, 'Bạn đã cập nhật thông tin cá nhân', '2024-04-16 01:53:15', 2),
(1564, 'Bạn đã cập nhật đăng tuyển Kế Toán Trưởng - Đi Làm Ngay', '2024-04-16 01:54:06', 2),
(1565, 'Bạn đã cập nhật đăng tuyển Trình Dược Viên OTC', '2024-04-16 01:58:23', 2),
(1566, 'Bạn đã cập nhật đăng tuyển Trình Dược Viên OTC', '2024-04-16 02:04:41', 2),
(1567, 'Bạn đã cập nhật đăng tuyển Trình Dược Viên OTC', '2024-04-16 02:10:17', 2),
(1568, 'Bạn đã cập nhật đăng tuyển Trình Dược Viên OTC', '2024-04-16 02:10:38', 2),
(1569, 'Bạn đã cập nhật đăng tuyển Trình Dược Viên OTC', '2024-04-16 02:15:06', 2),
(1570, 'Bạn đã cập nhật đăng tuyển Trình Dược Viên OTC', '2024-04-16 02:17:56', 2),
(1571, 'Bạn đã cập nhật đăng tuyển Nhân Viên Tư Vấn Trả Góp', '2024-04-19 07:01:08', 2),
(1572, 'Bạn đã cập nhật đăng tuyển Chuyên Viên Tín Dụng Cá Nhân - Miền Tây', '2024-04-19 07:02:30', 2),
(1573, 'Bạn đã cập nhật đăng tuyển Nhân Viên Tư Vấn Tài Chính Thị Trường', '2024-04-19 07:04:05', 2),
(1574, 'Bạn đã cập nhật ảnh đại diện', '2024-04-19 09:16:44', 4),
(1575, 'Bạn đã cập nhật thông tin cá nhân', '2024-04-19 09:16:44', 4),
(1576, 'Bạn đã tạo hồ sơ đính kèm', '2024-04-19 09:16:55', 4),
(1577, 'Bạn đã cập nhật hồ sơ đính kèm', '2024-04-19 09:17:59', 4),
(1578, 'Bạn đã cập nhật đăng tuyển Lập Trình Viên Full Stack', '2024-04-19 09:26:39', 2),
(1579, 'Bạn đã cập nhật đăng tuyển Lập Trình Viên Full Stack', '2024-04-19 09:27:07', 2),
(1580, 'Bạn đã cập nhật hồ sơ đính kèm', '2024-04-19 09:27:44', 4),
(1581, 'Bạn đã cập nhật ảnh đại diện', '2024-04-20 08:12:23', 12),
(1582, 'Bạn đã cập nhật thông tin cá nhân', '2024-04-20 08:12:34', 12),
(1583, 'Bạn đã cập nhật logo của công ty', '2024-04-20 08:12:39', 12),
(1584, 'Bạn đã cập nhật banner của công ty', '2024-04-20 08:12:48', 12),
(1585, 'Bạn đã cập nhật thông tin công ty của bạn', '2024-04-20 08:13:52', 12),
(1586, 'Đăng tuyển của bạn đang chờ duyệt', '2024-04-20 08:16:12', 12),
(1587, 'Bạn đã cập nhật hồ sơ trực tuyến', '2024-04-20 08:18:22', 4),
(1588, 'Bạn đã cập nhật hồ sơ trực tuyến', '2024-04-20 08:18:44', 4),
(1589, 'Bạn đã cập nhật ảnh đại diện', '2024-04-20 08:18:48', 4),
(1590, 'Bạn đã cập nhật thông tin cá nhân', '2024-04-20 08:18:48', 4),
(1591, 'Bạn đã cập nhật hồ sơ trực tuyến', '2024-04-20 08:18:52', 4),
(1592, 'Đăng tuyển của bạn đang chờ duyệt', '2024-04-20 08:21:12', 12),
(1593, 'Đăng tuyển của bạn đang chờ duyệt', '2024-04-20 08:24:06', 12),
(1594, 'Bạn đã cập nhật đăng tuyển Nhân Viên IT', '2024-04-20 08:26:20', 12),
(1595, 'Bạn đã cập nhật đăng tuyển Lập Trình Viên CNC', '2024-04-20 08:26:36', 12),
(1596, 'Bạn đã cập nhật đăng tuyển Nhân Viên Kỹ Thuật - Lập Trình CNC', '2024-04-20 08:26:49', 12),
(1597, 'Bạn đã cập nhật hồ sơ đính kèm', '2024-04-23 03:09:43', 4),
(1598, 'Bạn đã cập nhật hồ sơ đính kèm', '2024-04-23 03:10:17', 4),
(1599, 'Bạn đã cập nhật thông tin cá nhân', '2024-04-23 04:20:13', 14),
(1600, 'Bạn đã cập nhật ảnh đại diện', '2024-04-23 04:34:24', 14),
(1601, 'Bạn đã cập nhật thông tin cá nhân', '2024-04-23 04:46:59', 10),
(1602, 'Bạn đã cập nhật ảnh đại diện', '2024-04-23 04:46:59', 10),
(1603, 'Bạn đã tạo hồ sơ đính kèm', '2024-04-23 04:47:08', 10),
(1604, 'Bạn đã cập nhật hồ sơ đính kèm', '2024-04-23 04:47:24', 10),
(1605, 'Bạn đã cập nhật hồ sơ đính kèm', '2024-04-23 04:47:29', 10),
(1606, 'Bạn đã cập nhật hồ sơ đính kèm', '2024-04-23 04:47:43', 10),
(1607, 'Bạn đã cập nhật hồ sơ đính kèm', '2024-04-23 04:48:06', 10),
(1608, 'Bạn đã cập nhật hồ sơ trực tuyến', '2024-04-23 04:48:08', 10),
(1609, 'Bạn đã cập nhật hồ sơ đính kèm', '2024-04-23 04:50:30', 10),
(1610, 'Bạn đã cập nhật hồ sơ đính kèm', '2024-04-23 04:50:32', 10),
(1611, 'Bạn đã cập nhật hồ sơ đính kèm', '2024-04-23 04:51:19', 10),
(1612, 'Bạn đã cập nhật logo của công ty', '2024-04-23 06:15:24', 2),
(1613, 'Bạn đã cập nhật ảnh đại diện', '2024-04-23 06:46:52', 2),
(1614, 'Bạn đã cập nhật ảnh đại diện', '2024-04-23 06:47:14', 2),
(1615, 'Bạn đã cập nhật ảnh đại diện', '2024-04-23 06:50:31', 4),
(1616, 'Bạn đã cập nhật ảnh đại diện', '2024-04-23 06:50:42', 4),
(1617, 'Bạn đã cập nhật ảnh đại diện', '2024-04-23 06:51:08', 5),
(1618, 'Bạn đã cập nhật ảnh đại diện', '2024-04-23 06:51:14', 5),
(1619, 'Bạn đã cập nhật ảnh đại diện', '2024-04-23 06:57:54', 2),
(1620, 'Bạn đã cập nhật ảnh đại diện', '2024-04-23 06:58:00', 2),
(1621, 'Bạn đã cập nhật logo của công ty', '2024-04-23 07:00:54', 2),
(1622, 'Bạn đã cập nhật logo của công ty', '2024-04-23 07:01:08', 2),
(1623, 'Bạn đã cập nhật đăng tuyển Phó Giám Đốc Chi Nhánh Miền Nam, TPHCM, Giám Đốc Chi Nhánh Miền Nam, TPHCM,  CEO Chi Nhánh Miền Nam, TPHCM', '2024-04-23 07:38:40', 2),
(1624, 'Bạn đã cập nhật đăng tuyển Phó Giám Đốc Chi Nhánh Miền Nam, TPHCM, Giám Đốc Chi Nhánh Miền Nam, TPHCM,  CEO Chi Nhánh Miền Nam, TPHCM', '2024-04-23 08:16:44', 2),
(1625, 'Bạn đã cập nhật logo của công ty', '2024-04-23 19:07:23', 2),
(1626, 'Bạn đã cập nhật logo của công ty', '2024-04-23 19:07:40', 2),
(1627, 'Bạn đã cập nhật đăng tuyển Lập Trình Viên Full Stack', '2024-04-24 02:17:32', 2),
(1628, 'Bạn đã cập nhật đăng tuyển Lập Trình Viên Full Stack', '2024-04-24 03:06:25', 2),
(1629, 'Bạn đã cập nhật tin tuyển dụng ASM Khu Vực HCM - Miền Trung', '2024-04-24 19:29:27', 2),
(1630, 'Bạn đã cập nhật tin tuyển dụng ASM Khu Vực HCM - Miền Trung', '2024-04-24 19:29:51', 2),
(1631, 'Bạn đã cập nhật tin tuyển dụng ASM Khu Vực HCM - Miền Trung', '2024-04-24 19:33:11', 2),
(1632, 'Bạn đã cập nhật tin tuyển dụng ASM Khu Vực HCM - Miền Trung', '2024-04-24 20:24:57', 2),
(1633, 'Bạn đã cập nhật tin tuyển dụng ASM Khu Vực HCM - Miền Trung', '2024-04-27 05:33:45', 2),
(1634, 'Bạn đã cập nhật tin tuyển dụng ASM Khu Vực HCM - Miền Trung', '2024-04-27 06:05:50', 2),
(1635, 'Bạn đã cập nhật tin tuyển dụng Phó Giám Đốc Chi Nhánh Miền Nam, TPHCM, Giám Đốc Chi Nhánh Miền Nam, TPHCM,  CEO Chi Nhánh Miền Nam, TPHCM', '2024-04-27 06:06:39', 2),
(1636, 'Bạn đã cập nhật tin tuyển dụng Trưởng Phòng Kinh Doanh Và Tiếp Thị', '2024-04-27 06:08:58', 2),
(1637, 'Bạn đã cập nhật tin tuyển dụng Kế Toán Trưởng - Đi Làm Ngay', '2024-04-27 06:10:00', 2),
(1638, 'Bạn đã cập nhật tin tuyển dụng Lập Trình Viên Full Stack', '2024-04-27 08:37:09', 2),
(1639, 'Bạn đã cập nhật tin tuyển dụng Nhân Viên Tư Vấn Trả Góp', '2024-04-27 08:45:34', 2),
(1640, 'Bạn đã cập nhật tin tuyển dụng Chuyên Viên Tín Dụng Cá Nhân - Miền Tây', '2024-04-27 08:48:29', 2),
(1641, 'Bạn đã cập nhật tin tuyển dụng Nhân Viên Tư Vấn Tài Chính Thị Trường', '2024-04-27 08:51:38', 2),
(1642, 'Bạn đã cập nhật hồ sơ đính kèm', '2024-04-28 03:28:01', 4),
(1643, 'Bạn đã cập nhật tin tuyển dụng Nhân Viên Tư Vấn Tài Chính Thị Trường', '2024-04-28 09:36:32', 2),
(1644, 'Bạn đã cập nhật tin tuyển dụng Nhân Viên Tư Vấn Tài Chính Thị Trường', '2024-04-28 10:17:29', 2),
(1645, 'Bạn đã cập nhật tin tuyển dụng Trưởng Phòng Kinh Doanh Và Tiếp Thị', '2024-04-28 10:28:17', 2),
(1646, 'Bạn đã cập nhật tin tuyển dụng Trưởng Phòng Kinh Doanh Và Tiếp Thị', '2024-04-28 11:50:38', 2),
(1647, 'Bạn đã cập nhật tin tuyển dụng Trưởng Phòng Kinh Doanh Và Tiếp Thị', '2024-04-28 11:51:14', 2),
(1648, 'Bạn đã cập nhật tin tuyển dụng Trưởng Phòng Kinh Doanh Và Tiếp Thị', '2024-04-28 11:51:38', 2),
(1649, 'Bạn đã cập nhật tin tuyển dụng Trưởng Phòng Kinh Doanh Và Tiếp Thị', '2024-04-28 11:53:55', 2),
(1650, 'Bạn đã cập nhật tin tuyển dụng Trưởng Phòng Kinh Doanh Và Tiếp Thị', '2024-04-29 21:53:36', 2),
(1651, 'Bạn đã cập nhật tin tuyển dụng Kế Toán Trưởng - Đi Làm Ngay', '2024-04-29 22:16:11', 2),
(1652, 'Bạn đã cập nhật tin tuyển dụng Kế Toán Trưởng - Đi Làm Ngay', '2024-04-29 22:21:15', 2),
(1653, 'Bạn đã cập nhật tin tuyển dụng Kế Toán Trưởng - Đi Làm Ngay', '2024-04-29 22:24:47', 2),
(1654, 'Bạn đã cập nhật tin tuyển dụng Kế Toán Trưởng - Đi Làm Ngay', '2024-04-29 22:27:02', 2),
(1655, 'Bạn đã cập nhật tin tuyển dụng Kế Toán Trưởng - Đi Làm Ngay', '2024-04-29 22:28:48', 2),
(1656, 'Bạn đã cập nhật tin tuyển dụng Kế Toán Trưởng - Đi Làm Ngay', '2024-04-29 22:31:17', 2),
(1657, 'Bạn đã cập nhật tin tuyển dụng Lập Trình Viên Full Stack', '2024-04-29 22:36:50', 2),
(1658, 'Bạn đã cập nhật tin tuyển dụng ASM Khu Vực HCM - Miền Trung', '2024-04-29 22:37:32', 2),
(1659, 'Bạn đã cập nhật tin tuyển dụng Nhân Viên Tư Vấn Trả Góp', '2024-04-29 22:38:53', 2),
(1660, 'Bạn đã cập nhật tin tuyển dụng Nhân Viên Tư Vấn Trả Góp', '2024-04-29 22:40:03', 2),
(1661, 'Bạn đã cập nhật tin tuyển dụng Nhân Viên Tư Vấn Trả Góp', '2024-04-29 22:40:23', 2),
(1662, 'Bạn đã cập nhật tin tuyển dụng Phó Giám Đốc Chi Nhánh Miền Nam, TPHCM, Giám Đốc Chi Nhánh Miền Nam, TPHCM,  CEO Chi Nhánh Miền Nam, TPHCM', '2024-04-29 22:59:20', 2),
(1663, 'Bạn đã cập nhật tin tuyển dụng Phó Giám Đốc Chi Nhánh Miền Nam, TPHCM, Giám Đốc Chi Nhánh Miền Nam, TPHCM,  CEO Chi Nhánh Miền Nam, TPHCM', '2024-04-29 22:59:46', 2),
(1664, 'Bạn đã cập nhật tin tuyển dụng Phó Giám Đốc Chi Nhánh Miền Nam, TPHCM, Giám Đốc Chi Nhánh Miền Nam, TPHCM,  CEO Chi Nhánh Miền Nam, TPHCM', '2024-04-29 23:02:44', 2),
(1665, 'Bạn đã cập nhật tin tuyển dụng Phó Giám Đốc Chi Nhánh Miền Nam, TPHCM, Giám Đốc Chi Nhánh Miền Nam, TPHCM,  CEO Chi Nhánh Miền Nam, TPHCM', '2024-04-29 23:03:03', 2),
(1666, 'Bạn đã cập nhật tin tuyển dụng Lập Trình Viên Full Stack', '2024-04-29 23:04:14', 2),
(1667, 'Bạn đã cập nhật tin tuyển dụng Lập Trình Viên Full Stack', '2024-04-29 23:06:40', 2),
(1668, 'Bạn đã cập nhật tin tuyển dụng Phó Giám Đốc Chi Nhánh Miền Nam, TPHCM, Giám Đốc Chi Nhánh Miền Nam, TPHCM,  CEO Chi Nhánh Miền Nam, TPHCM', '2024-04-29 23:07:07', 2),
(1669, 'Bạn đã cập nhật tin tuyển dụng Phó Giám Đốc Chi Nhánh Miền Nam, TPHCM, Giám Đốc Chi Nhánh Miền Nam, TPHCM,  CEO Chi Nhánh Miền Nam, TPHCM', '2024-04-29 23:10:57', 2),
(1670, 'Bạn đã cập nhật tin tuyển dụng Phó Giám Đốc Chi Nhánh Miền Nam, TPHCM, Giám Đốc Chi Nhánh Miền Nam, TPHCM,  CEO Chi Nhánh Miền Nam, TPHCM', '2024-04-29 23:12:06', 2),
(1671, 'Bạn đã cập nhật tin tuyển dụng Phó Giám Đốc Chi Nhánh Miền Nam, TPHCM, Giám Đốc Chi Nhánh Miền Nam, TPHCM,  CEO Chi Nhánh Miền Nam, TPHCM', '2024-04-29 23:12:26', 2),
(1672, 'Bạn đã cập nhật tin tuyển dụng Phó Giám Đốc Chi Nhánh Miền Nam, TPHCM, Giám Đốc Chi Nhánh Miền Nam, TPHCM,  CEO Chi Nhánh Miền Nam, TPHCM', '2024-04-29 23:12:52', 2),
(1673, 'Bạn đã cập nhật tin tuyển dụng Phó Giám Đốc Chi Nhánh Miền Nam, TPHCM, Giám Đốc Chi Nhánh Miền Nam, TPHCM,  CEO Chi Nhánh Miền Nam, TPHCM', '2024-04-29 23:15:38', 2),
(1674, 'Bạn đã cập nhật tin tuyển dụng Phó Giám Đốc Chi Nhánh Miền Nam, TPHCM, Giám Đốc Chi Nhánh Miền Nam, TPHCM,  CEO Chi Nhánh Miền Nam, TPHCM', '2024-04-29 23:16:30', 2),
(1675, 'Bạn đã cập nhật tin tuyển dụng Phó Giám Đốc Chi Nhánh Miền Nam, TPHCM, Giám Đốc Chi Nhánh Miền Nam, TPHCM,  CEO Chi Nhánh Miền Nam, TPHCM', '2024-04-29 23:16:53', 2),
(1676, 'Bạn đã cập nhật tin tuyển dụng Phó Giám Đốc Chi Nhánh Miền Nam, TPHCM, Giám Đốc Chi Nhánh Miền Nam, TPHCM,  CEO Chi Nhánh Miền Nam, TPHCM', '2024-04-29 23:17:22', 2),
(1677, 'Bạn đã cập nhật tin tuyển dụng Phó Giám Đốc Chi Nhánh Miền Nam, TPHCM, Giám Đốc Chi Nhánh Miền Nam, TPHCM,  CEO Chi Nhánh Miền Nam, TPHCM', '2024-04-29 23:19:16', 2),
(1678, 'Bạn đã cập nhật tin tuyển dụng Phó Giám Đốc Chi Nhánh Miền Nam, TPHCM, Giám Đốc Chi Nhánh Miền Nam, TPHCM,  CEO Chi Nhánh Miền Nam, TPHCM', '2024-04-30 00:07:45', 2),
(1679, 'Bạn đã cập nhật tin tuyển dụng Phó Giám Đốc Chi Nhánh Miền Nam, TPHCM, Giám Đốc Chi Nhánh Miền Nam, TPHCM,  CEO Chi Nhánh Miền Nam, TPHCM', '2024-04-30 00:08:14', 2),
(1680, 'Bạn đã cập nhật tin tuyển dụng Phó Giám Đốc Chi Nhánh Miền Nam, TPHCM, Giám Đốc Chi Nhánh Miền Nam, TPHCM,  CEO Chi Nhánh Miền Nam, TPHCM', '2024-04-30 00:08:39', 2),
(1681, 'Bạn đã cập nhật thông tin công ty của bạn', '2024-04-30 00:18:36', 2),
(1682, 'Bạn đã cập nhật thông tin công ty của bạn', '2024-04-30 00:18:41', 2),
(1683, 'Bạn đã cập nhật tin tuyển dụng Phó Giám Đốc Chi Nhánh Miền Nam, TPHCM, Giám Đốc Chi Nhánh Miền Nam, TPHCM,  CEO Chi Nhánh Miền Nam, TPHCM', '2024-04-30 00:46:53', 2),
(1684, 'Bạn đã cập nhật tin tuyển dụng Phó Giám Đốc Chi Nhánh Miền Nam, TPHCM, Giám Đốc Chi Nhánh Miền Nam, TPHCM,  CEO Chi Nhánh Miền Nam, TPHCM', '2024-04-30 00:50:45', 2),
(1685, 'Bạn đã cập nhật tin tuyển dụng Phó Giám Đốc Chi Nhánh Miền Nam, TPHCM, Giám Đốc Chi Nhánh Miền Nam, TPHCM,  CEO Chi Nhánh Miền Nam, TPHCM', '2024-04-30 00:53:12', 2),
(1686, 'Bạn đã cập nhật tin tuyển dụng Phó Giám Đốc Chi Nhánh Miền Nam, TPHCM, Giám Đốc Chi Nhánh Miền Nam, TPHCM,  CEO Chi Nhánh Miền Nam, TPHCM', '2024-04-30 00:53:37', 2),
(1687, 'Bạn đã cập nhật tin tuyển dụng Phó Giám Đốc Chi Nhánh Miền Nam, TPHCM, Giám Đốc Chi Nhánh Miền Nam, TPHCM,  CEO Chi Nhánh Miền Nam, TPHCM', '2024-04-30 00:54:35', 2),
(1688, 'Bạn đã cập nhật tin tuyển dụng Phó Giám Đốc Chi Nhánh Miền Nam, TPHCM, Giám Đốc Chi Nhánh Miền Nam, TPHCM,  CEO Chi Nhánh Miền Nam, TPHCM', '2024-04-30 01:02:24', 2),
(1689, 'Bạn đã cập nhật tin tuyển dụng Phó Giám Đốc Chi Nhánh Miền Nam, TPHCM, Giám Đốc Chi Nhánh Miền Nam, TPHCM,  CEO Chi Nhánh Miền Nam, TPHCM', '2024-04-30 01:02:39', 2),
(1690, 'Bạn đã cập nhật tin tuyển dụng Phó Giám Đốc Chi Nhánh Miền Nam, TPHCM, Giám Đốc Chi Nhánh Miền Nam, TPHCM,  CEO Chi Nhánh Miền Nam, TPHCM', '2024-04-30 01:10:07', 2),
(1691, 'Bạn đã cập nhật tin tuyển dụng Phó Giám Đốc Chi Nhánh Miền Nam, TPHCM, Giám Đốc Chi Nhánh Miền Nam, TPHCM,  CEO Chi Nhánh Miền Nam, TPHCM', '2024-04-30 01:10:52', 2),
(1692, 'Bạn đã cập nhật thông tin công ty của bạn', '2024-04-30 02:06:24', 2),
(1693, 'Bạn đã cập nhật thông tin công ty của bạn', '2024-04-30 02:07:22', 2),
(1694, 'Bạn đã cập nhật thông tin công ty của bạn', '2024-04-30 02:09:03', 2),
(1695, 'Bạn đã cập nhật thông tin công ty của bạn', '2024-04-30 02:09:37', 2),
(1696, 'Bạn đã cập nhật thông tin công ty của bạn', '2024-04-30 02:21:14', 2),
(1697, 'Bạn đã cập nhật thông tin công ty của bạn', '2024-04-30 02:21:23', 2),
(1698, 'Bạn đã cập nhật thông tin công ty của bạn', '2024-04-30 02:21:34', 2),
(1699, 'Bạn đã cập nhật thông tin công ty của bạn', '2024-04-30 02:24:48', 2),
(1700, 'Bạn đã cập nhật thông tin công ty của bạn', '2024-04-30 02:46:04', 2),
(1701, 'Bạn đã cập nhật thông tin công ty của bạn', '2024-04-30 02:46:35', 2),
(1702, 'Bạn đã cập nhật thông tin công ty của bạn', '2024-04-30 02:49:03', 2),
(1703, 'Bạn đã cập nhật thông tin công ty của bạn', '2024-04-30 02:50:01', 2),
(1704, 'Bạn đã cập nhật thông tin công ty của bạn', '2024-04-30 02:50:45', 2),
(1705, 'Bạn đã cập nhật thông tin công ty của bạn', '2024-04-30 02:50:52', 2),
(1706, 'Bạn đã cập nhật thông tin công ty của bạn', '2024-04-30 03:01:03', 2),
(1707, 'Bạn đã cập nhật hồ sơ đính kèm', '2024-04-30 05:00:17', 4),
(1708, 'Bạn đã cập nhật hồ sơ trực tuyến', '2024-04-30 05:11:17', 4),
(1709, 'Bạn đã cập nhật hồ sơ đính kèm', '2024-04-30 05:12:52', 4),
(1710, 'Bạn đã cập nhật hồ sơ đính kèm', '2024-04-30 05:14:17', 4),
(1711, 'Bạn đã cập nhật hồ sơ đính kèm', '2024-04-30 05:22:01', 4),
(1712, 'Bạn đã cập nhật hồ sơ đính kèm', '2024-04-30 05:23:13', 4),
(1713, 'Bạn đã cập nhật hồ sơ đính kèm', '2024-04-30 06:45:56', 4),
(1714, 'Bạn đã cập nhật hồ sơ đính kèm', '2024-04-30 06:47:40', 4),
(1715, 'Bạn đã cập nhật hồ sơ đính kèm', '2024-04-30 06:48:28', 4),
(1716, 'Bạn đã cập nhật hồ sơ đính kèm', '2024-04-30 06:48:59', 4),
(1717, 'Bạn đã cập nhật hồ sơ trực tuyến', '2024-04-30 06:49:07', 4),
(1718, 'Bạn đã cập nhật hồ sơ trực tuyến', '2024-04-30 06:49:08', 4),
(1719, 'Bạn đã cập nhật hồ sơ trực tuyến', '2024-04-30 06:51:02', 4),
(1720, 'Bạn đã cập nhật tin tuyển dụng Lập Trình Viên Full Stack', '2024-05-01 23:00:18', 2),
(1721, 'Bạn đã cập nhật hồ sơ đính kèm', '2024-05-05 20:16:45', 4),
(1722, 'Bạn đã cập nhật hồ sơ đính kèm', '2024-05-05 20:17:44', 4),
(1723, 'Bạn đã cập nhật ảnh đại diện', '2024-05-09 21:41:01', 4),
(1724, 'Bạn đã cập nhật thông tin cá nhân', '2024-05-09 21:41:01', 4),
(1725, 'Bạn đã cập nhật thông tin cá nhân', '2024-05-09 21:41:16', 4),
(1726, 'Bạn đã cập nhật hồ sơ trực tuyến', '2024-05-11 01:33:48', 4),
(1727, 'Bạn đã cập nhật hồ sơ trực tuyến', '2024-05-11 01:33:51', 4),
(1728, 'Bạn đã cập nhật hồ sơ đính kèm', '2024-05-11 06:18:28', 4),
(1729, 'Bạn đã cập nhật hồ sơ đính kèm', '2024-05-11 06:18:57', 4),
(1730, 'Bạn đã cập nhật hồ sơ trực tuyến', '2024-05-11 06:19:13', 4),
(1731, 'Bạn đã cập nhật hồ sơ trực tuyến', '2024-05-11 06:20:23', 4),
(1732, 'Bạn đã cập nhật hồ sơ trực tuyến', '2024-05-11 06:20:46', 4),
(1733, 'Bạn đã cập nhật hồ sơ trực tuyến', '2024-05-11 06:21:17', 4),
(1734, 'Bạn đã cập nhật tin tuyển dụng Nhân Viên Kỹ Thuật Tòa Nhà Tại Hà Nội', '2024-05-15 14:14:08', 16),
(1735, 'Bạn đã cập nhật ảnh đại diện', '2024-05-15 14:16:14', 3);

-- --------------------------------------------------------

--
-- Cấu trúc bảng cho bảng `online_profile`
--

CREATE TABLE `online_profile` (
  `userId` int(11) NOT NULL,
  `jobTitle` varchar(255) DEFAULT NULL,
  `profession` varchar(255) DEFAULT NULL,
  `currentPosition` enum('Quản lí cấp cao','Quản lí cấp trung','Quản lí nhóm-giám sát','Chuyên gia','Chuyên viên - nhân viên','Cộng tác viên') NOT NULL DEFAULT 'Chuyên viên - nhân viên',
  `desiredPosition` enum('Quản lí cấp cao','Quản lí cấp trung','Quản lí nhóm-giám sát','Chuyên gia','Chuyên viên - nhân viên','Cộng tác viên') NOT NULL DEFAULT 'Chuyên viên - nhân viên',
  `desiredSalary` int(11) DEFAULT NULL,
  `degree` enum('Trung học','Trung cấp','Cao đẳng','Cử nhân','Thạc sĩ','Tiến sĩ','Khác') NOT NULL DEFAULT 'Khác',
  `workAddress` varchar(255) DEFAULT NULL,
  `experience` enum('Chưa có kinh nghiệm','Dưới 1 năm','1 năm','2 năm','3 năm','4 năm','5 năm','Trên 5 năm') NOT NULL DEFAULT 'Trên 5 năm',
  `employmentType` enum('Toàn thời gian cố định','Toàn thời gian tạm thời','Bán thời gian cố định','Bán thời gian tạm thời','Theo hợp đồng tư vấn','Thực tập','Khác') NOT NULL DEFAULT 'Khác',
  `careerGoal` varchar(255) DEFAULT NULL,
  `skills` varchar(255) DEFAULT NULL,
  `view` int(11) DEFAULT NULL,
  `isHidden` tinyint(4) NOT NULL DEFAULT 0,
  `createAt` timestamp(6) NOT NULL DEFAULT current_timestamp(6),
  `updateAt` timestamp(6) NOT NULL DEFAULT current_timestamp(6) ON UPDATE current_timestamp(6),
  `keywords` longtext DEFAULT NULL
) ENGINE=InnoDB DEFAULT CHARSET=utf8mb4;

--
-- Đang đổ dữ liệu cho bảng `online_profile`
--

INSERT INTO `online_profile` (`userId`, `jobTitle`, `profession`, `currentPosition`, `desiredPosition`, `desiredSalary`, `degree`, `workAddress`, `experience`, `employmentType`, `careerGoal`, `skills`, `view`, `isHidden`, `createAt`, `updateAt`, `keywords`) VALUES
(4, 'Nhân Viên IT', 'IT Phần cứng - Mạng, IT Phần mềm, Khoa học - Kĩ thuật', 'Chuyên viên - nhân viên', 'Chuyên gia', 10, 'Thạc sĩ', 'Thành phố Hồ Chí Minh, Tỉnh Bà Rịa - Vũng Tàu, Thành phố Hà Nội', '5 năm', 'Toàn thời gian cố định', 'Thời gian dài, ổn định, có cơ hội thăng tiến', 'Word, Excel, Python, PowerPonit, RESTful API, SQL, C, ASP.NET', 61, 0, '2024-05-15 02:17:43.305134', '2024-05-15 02:17:43.322440', 'Word, Excel, Python, PowerPonit, RESTful API, SQL, C, ASP.NET, Nhân Viên IT,  IT Phần cứng,  Mạng,  IT Phần mềm,  Khoa học - Kĩ thuật,  Telesale,  Khoa học Máy tính,  Điện tử,  Toeic'),
(5, 'Web Frontend', 'IT Phần mềm, IT Phần cứng - Mạng, Khoa học - Kĩ thuật', 'Chuyên viên - nhân viên', 'Chuyên gia', 15, 'Thạc sĩ', 'Thành phố Hồ Chí Minh', '2 năm', 'Toàn thời gian cố định', 'Thời gian dài, ổn định, có cơ hội thăng tiến', 'Có kinh nghiệm về lập trình React, Node, TypeScript, Python, MySQL, Lập trình C++, Vue.js', 61, 0, '2024-05-15 02:17:43.305134', '2024-05-15 02:17:43.322440', 'Có kinh nghiệm về lập trình React, Node, TypeScript, Python, MySQL, Lập trình C++, Vue.js, React, Node, TypeScript, Python, MySQL, C++, Vue.js, Lập trình FullStack, MongoDB, Khoa học Máy tính, Toeic'),
(10, 'Biên dịch viên', 'Luật - Pháp lý - Tuân thủ, Thông tin - Truyền thông - Quảng cáo, Bán sỉ - Bán lẻ - Quản lý cửa hàng', 'Quản lí cấp cao', 'Quản lí cấp cao', 30, 'Thạc sĩ', 'Thành phố Hà Nội, Tỉnh Hà Giang', '5 năm', 'Toàn thời gian cố định', 'Thời gian dài, ổn định, có cơ hội thăng tiến', 'Tiếng Anh, Word, Excel, PowerPoint, quản trị, kinh doanh, tiếp thị, ngoại giao', 61, 0, '2024-05-15 02:17:43.305134', '2024-05-15 02:17:43.322440', 'tiếng anh, word, excel, powerpoint, quản trị, kinh doanh, tiếp thị, ngoại giao, Biên dịch viên,  Dịch văn bản,  hỗ trợ giảng dạy,  công việc văn phòng,  Công nghệ thông tin,  Toeic');

-- --------------------------------------------------------

--
-- Cấu trúc bảng cho bảng `save`
--

CREATE TABLE `save` (
  `employeeId` int(11) NOT NULL,
  `employerId` int(11) NOT NULL,
  `isOnlineProfile` tinyint(4) NOT NULL,
  `createAt` timestamp NOT NULL DEFAULT current_timestamp()
) ENGINE=InnoDB DEFAULT CHARSET=utf8mb4;

--
-- Đang đổ dữ liệu cho bảng `save`
--

INSERT INTO `save` (`employeeId`, `employerId`, `isOnlineProfile`, `createAt`) VALUES
(1, 2, 0, '2024-04-12 02:18:56'),
(4, 2, 0, '2024-05-01 23:08:50'),
(4, 2, 1, '2024-04-19 07:15:09'),
(5, 2, 1, '2024-04-23 10:18:09'),
(6, 2, 1, '2024-04-11 22:15:51'),
(10, 2, 1, '2024-04-19 07:15:10'),
(11, 2, 1, '2024-04-11 22:15:52');

-- --------------------------------------------------------

--
-- Cấu trúc bảng cho bảng `user`
--

CREATE TABLE `user` (
  `userId` int(11) NOT NULL,
  `email` varchar(255) NOT NULL,
  `password` varchar(255) NOT NULL,
  `name` varchar(255) DEFAULT NULL,
  `dob` date DEFAULT NULL,
  `address` varchar(255) DEFAULT NULL,
  `phone` varchar(255) DEFAULT NULL,
  `sex` enum('Nam','Nữ','Khác') NOT NULL DEFAULT 'Khác',
  `avatar` varchar(255) DEFAULT NULL,
  `role` enum('EMPLOYEE','EMPLOYER','ADMIN') NOT NULL DEFAULT 'EMPLOYEE',
  `createAt` timestamp(6) NOT NULL DEFAULT current_timestamp(6)
) ENGINE=InnoDB DEFAULT CHARSET=utf8mb4;

--
-- Đang đổ dữ liệu cho bảng `user`
--

INSERT INTO `user` (`userId`, `email`, `password`, `name`, `dob`, `address`, `phone`, `sex`, `avatar`, `role`, `createAt`) VALUES
(1, 'viluong6457@gmail.com', '$2b$10$6c2QLw18lPGGmbxNvS7dXuWAdg9sf2BukQ7nz7b5k0eXuYj0fImH6', 'Rick Ma', '2009-11-30', 'Nha Trang', '0901213082', 'Nam', 'https://firebasestorage.googleapis.com/v0/b/job-recommend-web.appspot.com/o/userDocument%2Ficon.jpgca3e4269-888d-44e1-a05f-525ee8efc400?alt=media&token=71b860fb-cb1c-4270-99ab-035184214932', 'EMPLOYEE', '2024-03-28 06:17:17.215011'),
(2, 'ntd@gmail.com', '$2b$10$ceKR5vrDb5i6oze1pJQfBuInRse27AH9L9RWmkd9NA/Yjv6VYSHoO', 'Ms. Jack', '1997-01-21', 'Barcelona, Spain', '0901234567', 'Nam', 'https://firebasestorage.googleapis.com/v0/b/job-recommend-web.appspot.com/o/userDocument%2F007-man-2.png2d367415-5981-45e8-b8fd-320372b73266?alt=media&token=72fb90f5-5fec-420e-b7b1-4ed43fcb21e6', 'EMPLOYER', '2024-03-28 06:17:17.215011'),
(3, 'admin@gmail.com', '$2b$10$SIeaEDow00oYl7IG7i/H4.j7cLPdLULCYJ4liCyoToMygB1SCxjHC', 'Catherine Pike', '2023-10-10', 'Barcelona, Spain', '0901234567', 'Nam', 'https://firebasestorage.googleapis.com/v0/b/job-recommend-web.appspot.com/o/userDocument%2Fadmin.png9b8e16a6-5c11-4a55-862c-467df3bb73c0?alt=media&token=edd8e56b-c350-424a-8027-5bb351288cb4', 'ADMIN', '2024-03-28 06:17:17.215011'),
(4, 'xinviec1@gmail.com', '$2b$10$Ddm696NXOKOnhd5.6JrPc.n5D/v.nx8ZHqlY3sGm5d.GO3DpdtN0m', 'Lanting', '2001-12-20', '1000/122 Lý Thường Kiệt', '0901234567', 'Nam', 'https://firebasestorage.googleapis.com/v0/b/job-recommend-web.appspot.com/o/userDocument%2F015-man-5.png2a8cd6dd-52f0-4454-a8d1-f57d1fab058c?alt=media&token=2092ec97-a80b-46f6-91b0-7ebb4df482f4', 'EMPLOYEE', '2024-03-28 06:17:17.215011'),
(5, 'xinviec2@gmail.com', '$2b$10$SIQzpV9qlprY93.uQC1N1uoerYNKJRjeDFJYBwZvTsrn.o4tWV6RG', 'Catherine Pike', '1999-03-29', 'Barcelona, Spain', '0812345678', 'Nam', 'https://firebasestorage.googleapis.com/v0/b/job-recommend-web.appspot.com/o/userDocument%2F005-woman-1.pngcebbeb50-2e50-431f-af8c-dde651e545d8?alt=media&token=7babf2f3-b13f-459e-9bfe-a75fb47a30d8', 'EMPLOYEE', '2024-03-28 06:17:17.215011'),
(6, 'xinviec3@gmail.com', '$2b$10$JkwjKD8v3QkuU42PZ1dhIetx117kbqpfOqhAM5.eqKwuO5Vp8NXz6', 'Lantin', '2002-02-12', '1000/122 Lý Thường Kiệt', '0901213082', 'Nam', 'https://firebasestorage.googleapis.com/v0/b/job-recommend-web.appspot.com/o/userDocument%2F17964816-business-income-diagram-background.jpg71f0544b-676a-45ed-b52b-05f9396a1bb4?alt=media&token=b2e74a20-b29f-4b06-8571-b31c8d5c2bd2', 'EMPLOYEE', '2024-03-28 06:17:17.215011'),
(9, 'ntd2@gmail.com', '$2b$10$AMks.A.ctND/8VHuP0w31.vb9ty3qVWRRQRQ6PSiXUOsMJyB4/JO6', NULL, NULL, NULL, NULL, 'Khác', 'https://firebasestorage.googleapis.com/v0/b/job-recommend-web.appspot.com/o/userDocument%2Fgithub-logo.png5b984d3e-833b-4f5e-9ecf-67925c1b1424?alt=media&token=0c9a8449-63ae-4191-968b-66cd99745741', 'EMPLOYER', '2024-03-28 06:17:17.215011'),
(10, 'xinviec5@gmail.com', '$2b$10$Hd8ljVwUrAe1YL5eJv8z8.KdKEUL.k6.fAKWTR1xKFZHaBWCNbIdu', 'Ms. Jack', '1999-04-05', '1220 Lý Thường Kiệt, P.10, Q.10, TP.HCM', '0901234567', 'Nam', 'https://firebasestorage.googleapis.com/v0/b/job-recommend-web.appspot.com/o/userDocument%2F006-hacker.pnge08fd39d-03d9-455a-9308-67927bc7ba71?alt=media&token=f8942bde-341f-4de4-83ce-67b861df9749', 'EMPLOYEE', '2024-03-28 06:17:17.215011'),
(11, 'xinviec6@gmail.com', '$2b$10$CmHlbESOPK5BjxgeBLrczefOLQaVYs5XejAQlgbQggLuFRQ7r/XmC', 'BBC', '1994-04-10', '1000/122 Lý Thường Kiệt', '0901234567', 'Nam', 'https://firebasestorage.googleapis.com/v0/b/job-recommend-web.appspot.com/o/userDocument%2Fbell.pnga8a0b8db-2a53-4ac4-b733-9129043be95f?alt=media&token=b65b2cc8-7afb-4fce-a1bf-32700e6257f6', 'EMPLOYEE', '2024-04-09 20:58:47.147420'),
(12, 'ntd3@gmail.com', '$2b$10$1YYr29h1zf95Ap1FbfDHbu7tvVGiM1GmTPeb.TzAfAQgsUAKmuAFW', 'Ms. Jack', '2009-04-20', '1220 Lý Thường Kiệt, P.10, Q.10, TP.HCM', '0901234567', 'Nam', 'https://firebasestorage.googleapis.com/v0/b/job-recommend-web.appspot.com/o/userDocument%2Fwatering-can.pngcd068690-a286-4f2c-b7d8-859c30e05f40?alt=media&token=0576129f-a275-40b4-898f-6043aee9740c', 'EMPLOYER', '2024-04-20 08:12:07.355255'),
(14, 'xinviec7@gmail.com', '$2b$10$EZae238T4vfjUiYN1gnah.f4CjvKCgl6drxYN8eqUjlJhWi3XhliO', 'Mr. Mike', '2009-04-18', ' TP.HCM', '0923456789', 'Nam', 'https://firebasestorage.googleapis.com/v0/b/job-recommend-web.appspot.com/o/userDocument%2F001-gamer.pngb5a5320a-47aa-4931-b911-cdac059b134d?alt=media&token=65d07168-2fbb-47b9-be80-a6dca4761c8b', 'EMPLOYEE', '2024-04-23 03:56:16.134040'),
(15, 'employer1@gmail.com', '$2b$10$VOrBpWefDkIdiwBluNDQ5.cfhRa4yprpcgC.3kK0nAnisXvfwpQ66', 'Nguyễn Tiến Đạt', '1978-12-12', '24 Trương Công Định, Quận Tân Bình, TP.HCM', '0987456321', 'Nam', 'https://firebasestorage.googleapis.com/v0/b/job-recommend-web.appspot.com/o/userDocument%2Fe1%20cocacola.pngc7dd37a4-6a8c-4bfe-a0ea-65c2f2782e36?alt=media&token=561b8025-4dce-4c70-8493-8495a3dfc9bf', 'EMPLOYER', '2024-03-29 18:05:47.472529'),
(16, 'employer2@gmail.com', '$2b$10$BadEOrjc6g.hmcPhSAOuaO0bivnNIBVXVt0i76nYF4HLm1zPnQhAa', 'Phạm Hoàng Long', '1988-05-09', 'Phường Cam Phúc Bắc, Thành phố Cam Ranh, Khánh Hòa', '0962351757', 'Nam', 'https://firebasestorage.googleapis.com/v0/b/job-recommend-web.appspot.com/o/userDocument%2Fer2%20vinhomes.png91d97c75-34af-49aa-9206-a444193b9dee?alt=media&token=3a51fa1b-d3e1-4a40-9d21-2cd0a94baced', 'EMPLOYER', '2024-03-29 18:05:47.472529'),
(17, 'employer3@gmail.com', '$2b$10$qYMaUqiXMUjnYj2hIAAfsOzCI2v60cAz0UGD4g6rBJOuGJdankXZS', 'Ưng Thảo Nghi', '1995-06-14', 'Xã Mỹ Thạnh Đông, Huyện Đức Huệ, Long An', '0962351757', 'Nữ', 'https://firebasestorage.googleapis.com/v0/b/job-recommend-web.appspot.com/o/userDocument%2Fer3%20f88.png8d9c8e82-4670-48e0-9994-07e33ab7f4b2?alt=media&token=daae34dc-deb3-44f0-897f-782f326d3700', 'EMPLOYER', '2024-03-29 18:05:47.472529'),
(18, 'employer5@gmail.com', '$2b$10$bgQ.tvcuISC8K0UMwy/9duF6h7byYi0x6xiiN6EU0CjREC/kGvZq6', 'Lý Văn Bảo', '1990-04-17', 'Đội 2, Bình Chánh, TPHCM', '0962351757', 'Nam', 'https://firebasestorage.googleapis.com/v0/b/job-recommend-web.appspot.com/o/userDocument%2Fer5%20qu%E1%BB%91c%20t%E1%BA%BF%20vi%E1%BB%87t%20m%E1%BB%B9.jpg34bd927c-9241-4b4d-a8aa-aa6b78843cd0?alt=media&token=d878d0aa-58b0-46a1-b7f9-1214cfb83cc9', 'EMPLOYER', '2024-03-29 18:05:47.472529'),
(19, 'employer4@gmail.com', '$2b$10$LTXQe4fHFQuFaiqYB9kM1.U8V0AjfceGPhU8c7rzYpu7irNU9IhiS', 'Lê Quang Đạt', '2001-02-02', 'Xã Bình Chương, Huyện Bình Sơn, Quảng Ngãi', '0962351757', 'Nam', 'https://firebasestorage.googleapis.com/v0/b/job-recommend-web.appspot.com/o/userDocument%2Fer4%20ebiso.jpg7bb99e45-9fde-4f09-98a7-0f97eaf924bf?alt=media&token=2338c710-29fd-416c-82a0-6f7a481765ad', 'EMPLOYER', '2024-04-19 21:02:45.663254');

-- --------------------------------------------------------

--
-- Cấu trúc bảng cho bảng `work_experience`
--

CREATE TABLE `work_experience` (
  `id` int(11) NOT NULL,
  `jobTitle` varchar(255) DEFAULT NULL,
  `companyName` varchar(255) DEFAULT NULL,
  `startDate` date DEFAULT NULL,
  `endDate` date DEFAULT NULL,
  `isDoing` tinyint(4) NOT NULL DEFAULT 0,
  `jobDescription` longtext DEFAULT NULL,
  `onlineProfileUserId` int(11) DEFAULT NULL
) ENGINE=InnoDB DEFAULT CHARSET=utf8mb4;

--
-- Đang đổ dữ liệu cho bảng `work_experience`
--

INSERT INTO `work_experience` (`id`, `jobTitle`, `companyName`, `startDate`, `endDate`, `isDoing`, `jobDescription`, `onlineProfileUserId`) VALUES
(46, 'Biên dịch viên', 'Back Khoa University', '2024-02-05', NULL, 1, 'Dịch văn bản, hỗ trợ giảng dạy, công việc văn phòng', 10),
(52, 'Telesale', 'Back Khoa University', '2022-12-18', '2024-03-23', 0, 'BBBB', 4),
(53, 'Lập trình viên', 'The Dev', '2023-11-07', '2024-03-29', 0, 'Lập trình FullStack, sử dụng ReactJS + NodeJS kết hợp TypeScript. Sử dụng MongoDB làm cơ sở dữ liệu.', 5);

--
-- Chỉ mục cho các bảng đã đổ
--

--
-- Chỉ mục cho bảng `another_degree`
--
ALTER TABLE `another_degree`
  ADD PRIMARY KEY (`id`),
  ADD KEY `FK_0e0ed905d2a32a06c22bce2b458` (`onlineProfileUserId`);

--
-- Chỉ mục cho bảng `application`
--
ALTER TABLE `application`
  ADD PRIMARY KEY (`application_id`),
  ADD KEY `FK_d075dbbbf6b758b6f1ec84861cf` (`employeeUserId`),
  ADD KEY `FK_5ca2652b77cffadfbb8ee07f29d` (`jobPostingPostId`);

--
-- Chỉ mục cho bảng `attached_document`
--
ALTER TABLE `attached_document`
  ADD PRIMARY KEY (`userId`);

--
-- Chỉ mục cho bảng `education_information`
--
ALTER TABLE `education_information`
  ADD PRIMARY KEY (`id`),
  ADD KEY `FK_420f8322ac33db1722d6fdd2d08` (`onlineProfileUserId`);

--
-- Chỉ mục cho bảng `employee`
--
ALTER TABLE `employee`
  ADD PRIMARY KEY (`userId`);

--
-- Chỉ mục cho bảng `employer`
--
ALTER TABLE `employer`
  ADD PRIMARY KEY (`userId`);

--
-- Chỉ mục cho bảng `follow`
--
ALTER TABLE `follow`
  ADD PRIMARY KEY (`employeeId`,`employerId`),
  ADD KEY `FK_67077b2b38cc90f743970d1ba14` (`employerId`);

--
-- Chỉ mục cho bảng `follow-job`
--
ALTER TABLE `follow-job`
  ADD PRIMARY KEY (`userId`,`postId`),
  ADD KEY `IDX_72e5f98d7583c88b5b542f5fb8` (`userId`),
  ADD KEY `IDX_dca0914ea3a6a1c09eb465f1ab` (`postId`);

--
-- Chỉ mục cho bảng `job_posting`
--
ALTER TABLE `job_posting`
  ADD PRIMARY KEY (`postId`),
  ADD KEY `FK_6f8e10413f96b2ac185068f970f` (`employerUserId`);

--
-- Chỉ mục cho bảng `notification`
--
ALTER TABLE `notification`
  ADD PRIMARY KEY (`notificationId`),
  ADD KEY `FK_03879f1bfdb3efdf24e732d8c73` (`userUserId`);

--
-- Chỉ mục cho bảng `online_profile`
--
ALTER TABLE `online_profile`
  ADD PRIMARY KEY (`userId`);

--
-- Chỉ mục cho bảng `save`
--
ALTER TABLE `save`
  ADD PRIMARY KEY (`employeeId`,`employerId`,`isOnlineProfile`),
  ADD KEY `FK_2f961e8b2da038c9f89b4a24f0d` (`employerId`);

--
-- Chỉ mục cho bảng `user`
--
ALTER TABLE `user`
  ADD PRIMARY KEY (`userId`),
  ADD UNIQUE KEY `IDX_e12875dfb3b1d92d7d7c5377e2` (`email`);

--
-- Chỉ mục cho bảng `work_experience`
--
ALTER TABLE `work_experience`
  ADD PRIMARY KEY (`id`),
  ADD KEY `FK_1322da876c7ad95337ac4782756` (`onlineProfileUserId`);

--
-- AUTO_INCREMENT cho các bảng đã đổ
--

--
-- AUTO_INCREMENT cho bảng `another_degree`
--
ALTER TABLE `another_degree`
  MODIFY `id` int(11) NOT NULL AUTO_INCREMENT, AUTO_INCREMENT=130;

--
-- AUTO_INCREMENT cho bảng `application`
--
ALTER TABLE `application`
  MODIFY `application_id` int(11) NOT NULL AUTO_INCREMENT, AUTO_INCREMENT=50;

--
-- AUTO_INCREMENT cho bảng `education_information`
--
ALTER TABLE `education_information`
  MODIFY `id` int(11) NOT NULL AUTO_INCREMENT, AUTO_INCREMENT=45;

--
-- AUTO_INCREMENT cho bảng `job_posting`
--
ALTER TABLE `job_posting`
  MODIFY `postId` int(11) NOT NULL AUTO_INCREMENT, AUTO_INCREMENT=128;

--
-- AUTO_INCREMENT cho bảng `notification`
--
ALTER TABLE `notification`
  MODIFY `notificationId` int(11) NOT NULL AUTO_INCREMENT, AUTO_INCREMENT=1736;

--
-- AUTO_INCREMENT cho bảng `user`
--
ALTER TABLE `user`
  MODIFY `userId` int(11) NOT NULL AUTO_INCREMENT, AUTO_INCREMENT=20;

--
-- AUTO_INCREMENT cho bảng `work_experience`
--
ALTER TABLE `work_experience`
  MODIFY `id` int(11) NOT NULL AUTO_INCREMENT, AUTO_INCREMENT=54;

--
-- Các ràng buộc cho các bảng đã đổ
--

--
-- Các ràng buộc cho bảng `another_degree`
--
ALTER TABLE `another_degree`
  ADD CONSTRAINT `FK_0e0ed905d2a32a06c22bce2b458` FOREIGN KEY (`onlineProfileUserId`) REFERENCES `online_profile` (`userId`) ON DELETE CASCADE ON UPDATE CASCADE;

--
-- Các ràng buộc cho bảng `application`
--
ALTER TABLE `application`
  ADD CONSTRAINT `FK_5ca2652b77cffadfbb8ee07f29d` FOREIGN KEY (`jobPostingPostId`) REFERENCES `job_posting` (`postId`) ON DELETE CASCADE ON UPDATE CASCADE,
  ADD CONSTRAINT `FK_d075dbbbf6b758b6f1ec84861cf` FOREIGN KEY (`employeeUserId`) REFERENCES `employee` (`userId`) ON DELETE CASCADE ON UPDATE CASCADE;

--
-- Các ràng buộc cho bảng `attached_document`
--
ALTER TABLE `attached_document`
  ADD CONSTRAINT `FK_0280f6a0d71ebdd95b9a9871ee3` FOREIGN KEY (`userId`) REFERENCES `employee` (`userId`) ON DELETE CASCADE ON UPDATE CASCADE;

--
-- Các ràng buộc cho bảng `education_information`
--
ALTER TABLE `education_information`
  ADD CONSTRAINT `FK_420f8322ac33db1722d6fdd2d08` FOREIGN KEY (`onlineProfileUserId`) REFERENCES `online_profile` (`userId`) ON DELETE CASCADE ON UPDATE CASCADE;

--
-- Các ràng buộc cho bảng `employee`
--
ALTER TABLE `employee`
  ADD CONSTRAINT `FK_f4b0d329c4a3cf79ffe9d565047` FOREIGN KEY (`userId`) REFERENCES `user` (`userId`) ON DELETE CASCADE ON UPDATE CASCADE;

--
-- Các ràng buộc cho bảng `employer`
--
ALTER TABLE `employer`
  ADD CONSTRAINT `FK_bf0894d837af561b2f633874993` FOREIGN KEY (`userId`) REFERENCES `user` (`userId`) ON DELETE CASCADE ON UPDATE CASCADE;

--
-- Các ràng buộc cho bảng `follow`
--
ALTER TABLE `follow`
  ADD CONSTRAINT `FK_67077b2b38cc90f743970d1ba14` FOREIGN KEY (`employerId`) REFERENCES `employer` (`userId`) ON DELETE NO ACTION ON UPDATE NO ACTION,
  ADD CONSTRAINT `FK_a3a315c9b62e95c1221a83a219f` FOREIGN KEY (`employeeId`) REFERENCES `employee` (`userId`) ON DELETE CASCADE ON UPDATE CASCADE;

--
-- Các ràng buộc cho bảng `follow-job`
--
ALTER TABLE `follow-job`
  ADD CONSTRAINT `FK_72e5f98d7583c88b5b542f5fb8a` FOREIGN KEY (`userId`) REFERENCES `employee` (`userId`) ON DELETE CASCADE ON UPDATE CASCADE,
  ADD CONSTRAINT `FK_dca0914ea3a6a1c09eb465f1abc` FOREIGN KEY (`postId`) REFERENCES `job_posting` (`postId`) ON DELETE NO ACTION ON UPDATE NO ACTION;

--
-- Các ràng buộc cho bảng `job_posting`
--
ALTER TABLE `job_posting`
  ADD CONSTRAINT `FK_6f8e10413f96b2ac185068f970f` FOREIGN KEY (`employerUserId`) REFERENCES `employer` (`userId`) ON DELETE CASCADE ON UPDATE CASCADE;

--
-- Các ràng buộc cho bảng `notification`
--
ALTER TABLE `notification`
  ADD CONSTRAINT `FK_03879f1bfdb3efdf24e732d8c73` FOREIGN KEY (`userUserId`) REFERENCES `user` (`userId`) ON DELETE CASCADE ON UPDATE CASCADE;

--
-- Các ràng buộc cho bảng `online_profile`
--
ALTER TABLE `online_profile`
  ADD CONSTRAINT `FK_90b82b8a19989c23175680f2079` FOREIGN KEY (`userId`) REFERENCES `employee` (`userId`) ON DELETE CASCADE ON UPDATE CASCADE;

--
-- Các ràng buộc cho bảng `save`
--
ALTER TABLE `save`
  ADD CONSTRAINT `FK_2f961e8b2da038c9f89b4a24f0d` FOREIGN KEY (`employerId`) REFERENCES `employer` (`userId`) ON DELETE CASCADE ON UPDATE CASCADE,
  ADD CONSTRAINT `FK_3a8e0cf9b2626951de325231d1e` FOREIGN KEY (`employeeId`) REFERENCES `employee` (`userId`) ON DELETE NO ACTION ON UPDATE NO ACTION;

--
-- Các ràng buộc cho bảng `work_experience`
--
ALTER TABLE `work_experience`
  ADD CONSTRAINT `FK_1322da876c7ad95337ac4782756` FOREIGN KEY (`onlineProfileUserId`) REFERENCES `online_profile` (`userId`) ON DELETE CASCADE ON UPDATE CASCADE;
COMMIT;

/*!40101 SET CHARACTER_SET_CLIENT=@OLD_CHARACTER_SET_CLIENT */;
/*!40101 SET CHARACTER_SET_RESULTS=@OLD_CHARACTER_SET_RESULTS */;
/*!40101 SET COLLATION_CONNECTION=@OLD_COLLATION_CONNECTION */;
